index,name,count,ICD-10 Chapter,ICD-10 Chapter (short),color
0,Padding,,Technical,Technical,#2a52be
1,No event,,Technical,Technical,#2a52be
2,Female,218608.0,Sex,Sex,#bcbd22
3,Male,183444.0,Sex,Sex,#bcbd22
4,HLA-A*01:01,,HLA,HLA,#000000
5,HLA-A*01:02,,HLA,HLA,#000000
6,HLA-A*01:03,,HLA,HLA,#000000
7,HLA-A*02:01,,HLA,HLA,#000000
8,HLA-A*02:02,,HLA,HLA,#000000
9,HLA-A*02:03,,HLA,HLA,#000000
10,HLA-A*02:05,,HLA,HLA,#000000
11,HLA-A*02:06,,HLA,HLA,#000000
12,HLA-A*02:07,,HLA,HLA,#000000
13,HLA-A*02:10,,HLA,HLA,#000000
14,HLA-A*02:11,,HLA,HLA,#000000
15,HLA-A*02:14,,HLA,HLA,#000000
16,HLA-A*02:16,,HLA,HLA,#000000
17,HLA-A*02:20,,HLA,HLA,#000000
18,HLA-A*02:64,,HLA,HLA,#000000
19,HLA-A*03:01,,HLA,HLA,#000000
20,HLA-A*03:02,,HLA,HLA,#000000
21,HLA-A*11:01,,HLA,HLA,#000000
22,HLA-A*11:02,,HLA,HLA,#000000
23,HLA-A*11:03,,HLA,HLA,#000000
24,HLA-A*23:01,,HLA,HLA,#000000
25,HLA-A*24:02,,HLA,HLA,#000000
26,HLA-A*24:03,,HLA,HLA,#000000
27,HLA-A*24:04,,HLA,HLA,#000000
28,HLA-A*24:07,,HLA,HLA,#000000
29,HLA-A*24:10,,HLA,HLA,#000000
30,HLA-A*25:01,,HLA,HLA,#000000
31,HLA-A*26:01,,HLA,HLA,#000000
32,HLA-A*26:03,,HLA,HLA,#000000
33,HLA-A*26:08,,HLA,HLA,#000000
34,HLA-A*29:01,,HLA,HLA,#000000
35,HLA-A*29:02,,HLA,HLA,#000000
36,HLA-A*30:01,,HLA,HLA,#000000
37,HLA-A*30:02,,HLA,HLA,#000000
38,HLA-A*30:04,,HLA,HLA,#000000
39,HLA-A*31:01,,HLA,HLA,#000000
40,HLA-A*31:03,,HLA,HLA,#000000
41,HLA-A*31:04,,HLA,HLA,#000000
42,HLA-A*32:01,,HLA,HLA,#000000
43,HLA-A*33:01,,HLA,HLA,#000000
44,HLA-A*33:03,,HLA,HLA,#000000
45,HLA-A*34:01,,HLA,HLA,#000000
46,HLA-A*34:02,,HLA,HLA,#000000
47,HLA-A*36:01,,HLA,HLA,#000000
48,HLA-A*40:27,,HLA,HLA,#000000
49,HLA-A*43:86,,HLA,HLA,#000000
50,HLA-A*66:01,,HLA,HLA,#000000
51,HLA-A*66:02,,HLA,HLA,#000000
52,HLA-A*68:01,,HLA,HLA,#000000
53,HLA-A*68:02,,HLA,HLA,#000000
54,HLA-A*68:17,,HLA,HLA,#000000
55,HLA-A*69:01,,HLA,HLA,#000000
56,HLA-A*74:01,,HLA,HLA,#000000
57,HLA-A*74:03,,HLA,HLA,#000000
58,HLA-A*80:01,,HLA,HLA,#000000
59,HLA-B*07:02,,HLA,HLA,#000000
60,HLA-B*07:05,,HLA,HLA,#000000
61,HLA-B*08:01,,HLA,HLA,#000000
62,HLA-B*13:01,,HLA,HLA,#000000
63,HLA-B*13:02,,HLA,HLA,#000000
64,HLA-B*14:01,,HLA,HLA,#000000
65,HLA-B*14:02,,HLA,HLA,#000000
66,HLA-B*15:01,,HLA,HLA,#000000
67,HLA-B*15:02,,HLA,HLA,#000000
68,HLA-B*15:03,,HLA,HLA,#000000
69,HLA-B*15:04,,HLA,HLA,#000000
70,HLA-B*15:05,,HLA,HLA,#000000
71,HLA-B*15:06,,HLA,HLA,#000000
72,HLA-B*15:07,,HLA,HLA,#000000
73,HLA-B*15:08,,HLA,HLA,#000000
74,HLA-B*15:09,,HLA,HLA,#000000
75,HLA-B*15:10,,HLA,HLA,#000000
76,HLA-B*15:11,,HLA,HLA,#000000
77,HLA-B*15:12,,HLA,HLA,#000000
78,HLA-B*15:13,,HLA,HLA,#000000
79,HLA-B*15:15,,HLA,HLA,#000000
80,HLA-B*15:16,,HLA,HLA,#000000
81,HLA-B*15:17,,HLA,HLA,#000000
82,HLA-B*15:18,,HLA,HLA,#000000
83,HLA-B*15:20,,HLA,HLA,#000000
84,HLA-B*15:21,,HLA,HLA,#000000
85,HLA-B*15:24,,HLA,HLA,#000000
86,HLA-B*15:25,,HLA,HLA,#000000
87,HLA-B*15:26,,HLA,HLA,#000000
88,HLA-B*15:27,,HLA,HLA,#000000
89,HLA-B*15:29,,HLA,HLA,#000000
90,HLA-B*15:30,,HLA,HLA,#000000
91,HLA-B*15:31,,HLA,HLA,#000000
92,HLA-B*15:37,,HLA,HLA,#000000
93,HLA-B*18:01,,HLA,HLA,#000000
94,HLA-B*18:02,,HLA,HLA,#000000
95,HLA-B*18:03,,HLA,HLA,#000000
96,HLA-B*18:04,,HLA,HLA,#000000
97,HLA-B*27:02,,HLA,HLA,#000000
98,HLA-B*27:03,,HLA,HLA,#000000
99,HLA-B*27:04,,HLA,HLA,#000000
100,HLA-B*27:05,,HLA,HLA,#000000
101,HLA-B*27:06,,HLA,HLA,#000000
102,HLA-B*27:07,,HLA,HLA,#000000
103,HLA-B*35:01,,HLA,HLA,#000000
104,HLA-B*35:02,,HLA,HLA,#000000
105,HLA-B*35:03,,HLA,HLA,#000000
106,HLA-B*35:04,,HLA,HLA,#000000
107,HLA-B*35:05,,HLA,HLA,#000000
108,HLA-B*35:08,,HLA,HLA,#000000
109,HLA-B*35:09,,HLA,HLA,#000000
110,HLA-B*35:10,,HLA,HLA,#000000
111,HLA-B*35:12,,HLA,HLA,#000000
112,HLA-B*35:17,,HLA,HLA,#000000
113,HLA-B*35:19,,HLA,HLA,#000000
114,HLA-B*35:20,,HLA,HLA,#000000
115,HLA-B*35:21,,HLA,HLA,#000000
116,HLA-B*35:22,,HLA,HLA,#000000
117,HLA-B*35:41,,HLA,HLA,#000000
118,HLA-B*35:43,,HLA,HLA,#000000
119,HLA-B*37:01,,HLA,HLA,#000000
120,HLA-B*38:01,,HLA,HLA,#000000
121,HLA-B*38:02,,HLA,HLA,#000000
122,HLA-B*39:01,,HLA,HLA,#000000
123,HLA-B*39:02,,HLA,HLA,#000000
124,HLA-B*39:03,,HLA,HLA,#000000
125,HLA-B*39:05,,HLA,HLA,#000000
126,HLA-B*39:06,,HLA,HLA,#000000
127,HLA-B*39:08,,HLA,HLA,#000000
128,HLA-B*39:09,,HLA,HLA,#000000
129,HLA-B*39:10,,HLA,HLA,#000000
130,HLA-B*39:11,,HLA,HLA,#000000
131,HLA-B*39:15,,HLA,HLA,#000000
132,HLA-B*39:24,,HLA,HLA,#000000
133,HLA-B*40:01,,HLA,HLA,#000000
134,HLA-B*40:02,,HLA,HLA,#000000
135,HLA-B*40:04,,HLA,HLA,#000000
136,HLA-B*40:06,,HLA,HLA,#000000
137,HLA-B*40:09,,HLA,HLA,#000000
138,HLA-B*40:10,,HLA,HLA,#000000
139,HLA-B*40:12,,HLA,HLA,#000000
140,HLA-B*41:01,,HLA,HLA,#000000
141,HLA-B*41:02,,HLA,HLA,#000000
142,HLA-B*41:04,,HLA,HLA,#000000
143,HLA-B*42:01,,HLA,HLA,#000000
144,HLA-B*44:02,,HLA,HLA,#000000
145,HLA-B*44:03,,HLA,HLA,#000000
146,HLA-B*44:04,,HLA,HLA,#000000
147,HLA-B*44:05,,HLA,HLA,#000000
148,HLA-B*44:07,,HLA,HLA,#000000
149,HLA-B*45:01,,HLA,HLA,#000000
150,HLA-B*46:01,,HLA,HLA,#000000
151,HLA-B*47:01,,HLA,HLA,#000000
152,HLA-B*48:01,,HLA,HLA,#000000
153,HLA-B*48:02,,HLA,HLA,#000000
154,HLA-B*48:03,,HLA,HLA,#000000
155,HLA-B*49:01,,HLA,HLA,#000000
156,HLA-B*50:01,,HLA,HLA,#000000
157,HLA-B*50:02,,HLA,HLA,#000000
158,HLA-B*51:01,,HLA,HLA,#000000
159,HLA-B*51:02,,HLA,HLA,#000000
160,HLA-B*51:05,,HLA,HLA,#000000
161,HLA-B*51:06,,HLA,HLA,#000000
162,HLA-B*51:07,,HLA,HLA,#000000
163,HLA-B*51:08,,HLA,HLA,#000000
164,HLA-B*51:23,,HLA,HLA,#000000
165,HLA-B*52:01,,HLA,HLA,#000000
166,HLA-B*53:01,,HLA,HLA,#000000
167,HLA-B*54:01,,HLA,HLA,#000000
168,HLA-B*55:01,,HLA,HLA,#000000
169,HLA-B*55:02,,HLA,HLA,#000000
170,HLA-B*56:01,,HLA,HLA,#000000
171,HLA-B*56:03,,HLA,HLA,#000000
172,HLA-B*56:04,,HLA,HLA,#000000
173,HLA-B*57:01,,HLA,HLA,#000000
174,HLA-B*57:02,,HLA,HLA,#000000
175,HLA-B*57:03,,HLA,HLA,#000000
176,HLA-B*58:01,,HLA,HLA,#000000
177,HLA-B*58:02,,HLA,HLA,#000000
178,HLA-B*59:01,,HLA,HLA,#000000
179,HLA-B*67:01,,HLA,HLA,#000000
180,HLA-B*70:20,,HLA,HLA,#000000
181,HLA-B*73:01,,HLA,HLA,#000000
182,HLA-B*78:01,,HLA,HLA,#000000
183,HLA-B*81:01,,HLA,HLA,#000000
184,HLA-B*82:01,,HLA,HLA,#000000
185,HLA-B*82:02,,HLA,HLA,#000000
186,HLA-C*01:02,,HLA,HLA,#000000
187,HLA-C*02:02,,HLA,HLA,#000000
188,HLA-C*02:10,,HLA,HLA,#000000
189,HLA-C*03:02,,HLA,HLA,#000000
190,HLA-C*03:03,,HLA,HLA,#000000
191,HLA-C*03:04,,HLA,HLA,#000000
192,HLA-C*03:05,,HLA,HLA,#000000
193,HLA-C*03:06,,HLA,HLA,#000000
194,HLA-C*04:01,,HLA,HLA,#000000
195,HLA-C*04:03,,HLA,HLA,#000000
196,HLA-C*04:07,,HLA,HLA,#000000
197,HLA-C*05:01,,HLA,HLA,#000000
198,HLA-C*06:02,,HLA,HLA,#000000
199,HLA-C*07:01,,HLA,HLA,#000000
200,HLA-C*07:02,,HLA,HLA,#000000
201,HLA-C*07:04,,HLA,HLA,#000000
202,HLA-C*07:26,,HLA,HLA,#000000
203,HLA-C*08:01,,HLA,HLA,#000000
204,HLA-C*08:02,,HLA,HLA,#000000
205,HLA-C*08:04,,HLA,HLA,#000000
206,HLA-C*12:02,,HLA,HLA,#000000
207,HLA-C*12:03,,HLA,HLA,#000000
208,HLA-C*14:02,,HLA,HLA,#000000
209,HLA-C*14:03,,HLA,HLA,#000000
210,HLA-C*15:02,,HLA,HLA,#000000
211,HLA-C*15:04,,HLA,HLA,#000000
212,HLA-C*15:05,,HLA,HLA,#000000
213,HLA-C*16:01,,HLA,HLA,#000000
214,HLA-C*16:02,,HLA,HLA,#000000
215,HLA-C*16:04,,HLA,HLA,#000000
216,HLA-C*17:01,,HLA,HLA,#000000
217,HLA-C*18:01,,HLA,HLA,#000000
218,HLA-DPA1*01:03,,HLA,HLA,#000000
219,HLA-DPA1*01:04,,HLA,HLA,#000000
220,HLA-DPA1*01:05,,HLA,HLA,#000000
221,HLA-DPA1*01:07,,HLA,HLA,#000000
222,HLA-DPA1*02:01,,HLA,HLA,#000000
223,HLA-DPA1*02:02,,HLA,HLA,#000000
224,HLA-DPA1*03:01,,HLA,HLA,#000000
225,HLA-DPA1*04:01,,HLA,HLA,#000000
226,HLA-DPB1*01:01,,HLA,HLA,#000000
227,HLA-DPB1*02:01,,HLA,HLA,#000000
228,HLA-DPB1*02:02,,HLA,HLA,#000000
229,HLA-DPB1*03:01,,HLA,HLA,#000000
230,HLA-DPB1*04:01,,HLA,HLA,#000000
231,HLA-DPB1*04:02,,HLA,HLA,#000000
232,HLA-DPB1*05:01,,HLA,HLA,#000000
233,HLA-DPB1*05:02,,HLA,HLA,#000000
234,HLA-DPB1*06:01,,HLA,HLA,#000000
235,HLA-DPB1*09:01,,HLA,HLA,#000000
236,HLA-DPB1*09:02,,HLA,HLA,#000000
237,HLA-DPB1*10:01,,HLA,HLA,#000000
238,HLA-DPB1*11:01,,HLA,HLA,#000000
239,HLA-DPB1*13:01,,HLA,HLA,#000000
240,HLA-DPB1*14:01,,HLA,HLA,#000000
241,HLA-DPB1*15:01,,HLA,HLA,#000000
242,HLA-DPB1*16:01,,HLA,HLA,#000000
243,HLA-DPB1*17:01,,HLA,HLA,#000000
244,HLA-DPB1*18:01,,HLA,HLA,#000000
245,HLA-DPB1*19:01,,HLA,HLA,#000000
246,HLA-DPB1*20:01,,HLA,HLA,#000000
247,HLA-DPB1*21:01,,HLA,HLA,#000000
248,HLA-DPB1*22:01,,HLA,HLA,#000000
249,HLA-DPB1*23:01,,HLA,HLA,#000000
250,HLA-DPB1*26:01,,HLA,HLA,#000000
251,HLA-DPB1*28:01,,HLA,HLA,#000000
252,HLA-DPB1*30:01,,HLA,HLA,#000000
253,HLA-DPB1*31:01,,HLA,HLA,#000000
254,HLA-DPB1*33:01,,HLA,HLA,#000000
255,HLA-DPB1*34:01,,HLA,HLA,#000000
256,HLA-DPB1*35:01,,HLA,HLA,#000000
257,HLA-DPB1*40:01,,HLA,HLA,#000000
258,HLA-DPB1*45:01,,HLA,HLA,#000000
259,HLA-DPB1*48:01,,HLA,HLA,#000000
260,HLA-DPB1*81:01,,HLA,HLA,#000000
261,HLA-DPB1*85:01,,HLA,HLA,#000000
262,HLA-DQA1*01:01,,HLA,HLA,#000000
263,HLA-DQA1*01:02,,HLA,HLA,#000000
264,HLA-DQA1*01:03,,HLA,HLA,#000000
265,HLA-DQA1*01:04,,HLA,HLA,#000000
266,HLA-DQA1*02:01,,HLA,HLA,#000000
267,HLA-DQA1*03:01,,HLA,HLA,#000000
268,HLA-DQA1*03:02,,HLA,HLA,#000000
269,HLA-DQA1*03:03,,HLA,HLA,#000000
270,HLA-DQA1*04:01,,HLA,HLA,#000000
271,HLA-DQA1*05:01,,HLA,HLA,#000000
272,HLA-DQA1*05:03,,HLA,HLA,#000000
273,HLA-DQA1*05:05,,HLA,HLA,#000000
274,HLA-DQA1*05:09,,HLA,HLA,#000000
275,HLA-DQA1*06:01,,HLA,HLA,#000000
276,HLA-DQB1*02:01,,HLA,HLA,#000000
277,HLA-DQB1*02:02,,HLA,HLA,#000000
278,HLA-DQB1*03:01,,HLA,HLA,#000000
279,HLA-DQB1*03:02,,HLA,HLA,#000000
280,HLA-DQB1*03:03,,HLA,HLA,#000000
281,HLA-DQB1*03:04,,HLA,HLA,#000000
282,HLA-DQB1*04:01,,HLA,HLA,#000000
283,HLA-DQB1*04:02,,HLA,HLA,#000000
284,HLA-DQB1*05:01,,HLA,HLA,#000000
285,HLA-DQB1*05:02,,HLA,HLA,#000000
286,HLA-DQB1*05:03,,HLA,HLA,#000000
287,HLA-DQB1*05:04,,HLA,HLA,#000000
288,HLA-DQB1*06:01,,HLA,HLA,#000000
289,HLA-DQB1*06:02,,HLA,HLA,#000000
290,HLA-DQB1*06:03,,HLA,HLA,#000000
291,HLA-DQB1*06:04,,HLA,HLA,#000000
292,HLA-DQB1*06:05,,HLA,HLA,#000000
293,HLA-DQB1*06:09,,HLA,HLA,#000000
294,HLA-DRB1*01:01,,HLA,HLA,#000000
295,HLA-DRB1*01:02,,HLA,HLA,#000000
296,HLA-DRB1*01:03,,HLA,HLA,#000000
297,HLA-DRB1*03:01,,HLA,HLA,#000000
298,HLA-DRB1*03:02,,HLA,HLA,#000000
299,HLA-DRB1*04:01,,HLA,HLA,#000000
300,HLA-DRB1*04:02,,HLA,HLA,#000000
301,HLA-DRB1*04:03,,HLA,HLA,#000000
302,HLA-DRB1*04:04,,HLA,HLA,#000000
303,HLA-DRB1*04:05,,HLA,HLA,#000000
304,HLA-DRB1*04:06,,HLA,HLA,#000000
305,HLA-DRB1*04:07,,HLA,HLA,#000000
306,HLA-DRB1*04:08,,HLA,HLA,#000000
307,HLA-DRB1*04:10,,HLA,HLA,#000000
308,HLA-DRB1*04:11,,HLA,HLA,#000000
309,HLA-DRB1*07:01,,HLA,HLA,#000000
310,HLA-DRB1*08:01,,HLA,HLA,#000000
311,HLA-DRB1*08:02,,HLA,HLA,#000000
312,HLA-DRB1*08:03,,HLA,HLA,#000000
313,HLA-DRB1*08:04,,HLA,HLA,#000000
314,HLA-DRB1*08:06,,HLA,HLA,#000000
315,HLA-DRB1*08:07,,HLA,HLA,#000000
316,HLA-DRB1*08:10,,HLA,HLA,#000000
317,HLA-DRB1*08:11,,HLA,HLA,#000000
318,HLA-DRB1*09:01,,HLA,HLA,#000000
319,HLA-DRB1*10:01,,HLA,HLA,#000000
320,HLA-DRB1*11:01,,HLA,HLA,#000000
321,HLA-DRB1*11:02,,HLA,HLA,#000000
322,HLA-DRB1*11:03,,HLA,HLA,#000000
323,HLA-DRB1*11:04,,HLA,HLA,#000000
324,HLA-DRB1*11:06,,HLA,HLA,#000000
325,HLA-DRB1*11:11,,HLA,HLA,#000000
326,HLA-DRB1*11:43,,HLA,HLA,#000000
327,HLA-DRB1*12:01,,HLA,HLA,#000000
328,HLA-DRB1*12:02,,HLA,HLA,#000000
329,HLA-DRB1*13:01,,HLA,HLA,#000000
330,HLA-DRB1*13:02,,HLA,HLA,#000000
331,HLA-DRB1*13:03,,HLA,HLA,#000000
332,HLA-DRB1*13:04,,HLA,HLA,#000000
333,HLA-DRB1*13:05,,HLA,HLA,#000000
334,HLA-DRB1*13:12,,HLA,HLA,#000000
335,HLA-DRB1*13:15,,HLA,HLA,#000000
336,HLA-DRB1*13:21,,HLA,HLA,#000000
337,HLA-DRB1*14:01,,HLA,HLA,#000000
338,HLA-DRB1*14:02,,HLA,HLA,#000000
339,HLA-DRB1*14:03,,HLA,HLA,#000000
340,HLA-DRB1*14:04,,HLA,HLA,#000000
341,HLA-DRB1*14:05,,HLA,HLA,#000000
342,HLA-DRB1*14:06,,HLA,HLA,#000000
343,HLA-DRB1*14:07,,HLA,HLA,#000000
344,HLA-DRB1*14:09,,HLA,HLA,#000000
345,HLA-DRB1*14:10,,HLA,HLA,#000000
346,HLA-DRB1*14:15,,HLA,HLA,#000000
347,HLA-DRB1*14:44,,HLA,HLA,#000000
348,HLA-DRB1*15:01,,HLA,HLA,#000000
349,HLA-DRB1*15:02,,HLA,HLA,#000000
350,HLA-DRB1*15:03,,HLA,HLA,#000000
351,HLA-DRB1*16:01,,HLA,HLA,#000000
352,HLA-DRB1*16:02,,HLA,HLA,#000000
353,HLA-DRB3*01:01,,HLA,HLA,#000000
354,HLA-DRB3*02:02,,HLA,HLA,#000000
355,HLA-DRB3*02:10,,HLA,HLA,#000000
356,HLA-DRB3*02:24,,HLA,HLA,#000000
357,HLA-DRB3*03:01,,HLA,HLA,#000000
358,HLA-DRB4*01:01,,HLA,HLA,#000000
359,HLA-DRB4*01:03,,HLA,HLA,#000000
360,HLA-DRB5*01:01,,HLA,HLA,#000000
361,HLA-DRB5*01:02,,HLA,HLA,#000000
362,HLA-DRB5*02:02,,HLA,HLA,#000000
363,BMI low,37912.0,"Smoking, Alcohol and BMI","Smoking, Alcohol and BMI",#9467bd
364,BMI mid,206718.0,"Smoking, Alcohol and BMI","Smoking, Alcohol and BMI",#9467bd
365,BMI high,154955.0,"Smoking, Alcohol and BMI","Smoking, Alcohol and BMI",#9467bd
366,Smoking low,358649.0,"Smoking, Alcohol and BMI","Smoking, Alcohol and BMI",#9467bd
367,Smoking mid,11013.0,"Smoking, Alcohol and BMI","Smoking, Alcohol and BMI",#9467bd
368,Smoking high,31346.0,"Smoking, Alcohol and BMI","Smoking, Alcohol and BMI",#9467bd
369,Alcohol low,123582.0,"Smoking, Alcohol and BMI","Smoking, Alcohol and BMI",#9467bd
370,Alcohol mid,195659.0,"Smoking, Alcohol and BMI","Smoking, Alcohol and BMI",#9467bd
371,Alcohol high,81611.0,"Smoking, Alcohol and BMI","Smoking, Alcohol and BMI",#9467bd
372,A00 Cholera,22.0,I. Certain infectious and parasitic diseases,I. Infectious Diseases,#98df8a
373,A01 Typhoid and paratyphoid fevers,132.0,I. Certain infectious and parasitic diseases,I. Infectious Diseases,#98df8a
374,A02 Other salmonella infections,622.0,I. Certain infectious and parasitic diseases,I. Infectious Diseases,#98df8a
375,A03 Shigellosis,170.0,I. Certain infectious and parasitic diseases,I. Infectious Diseases,#98df8a
376,A04 Other bacterial intestinal infections,6494.0,I. Certain infectious and parasitic diseases,I. Infectious Diseases,#98df8a
377,A05 Other bacterial foodborne intoxications,305.0,I. Certain infectious and parasitic diseases,I. Infectious Diseases,#98df8a
378,A06 Amoebiasis,98.0,I. Certain infectious and parasitic diseases,I. Infectious Diseases,#98df8a
379,A07 Other protozoal intestinal diseases,401.0,I. Certain infectious and parasitic diseases,I. Infectious Diseases,#98df8a
380,A08 Viral and other specified intestinal infections,4384.0,I. Certain infectious and parasitic diseases,I. Infectious Diseases,#98df8a
381,A09 Diarrhoea and gastro-enteritis of presumed infectious origin,17287.0,I. Certain infectious and parasitic diseases,I. Infectious Diseases,#98df8a
382,"A15 Respiratory tuberculosis, bacteriologically and histologically confirmed",2176.0,I. Certain infectious and parasitic diseases,I. Infectious Diseases,#98df8a
383,"A16 Respiratory tuberculosis, not confirmed bacteriologically or histologically",528.0,I. Certain infectious and parasitic diseases,I. Infectious Diseases,#98df8a
384,A17 Tuberculosis of nervous system,13.0,I. Certain infectious and parasitic diseases,I. Infectious Diseases,#98df8a
385,A18 Tuberculosis of other organs,156.0,I. Certain infectious and parasitic diseases,I. Infectious Diseases,#98df8a
386,A19 Miliary tuberculosis,16.0,I. Certain infectious and parasitic diseases,I. Infectious Diseases,#98df8a
387,A20 Plague,6.0,I. Certain infectious and parasitic diseases,I. Infectious Diseases,#98df8a
388,A22 Anthrax,2.0,I. Certain infectious and parasitic diseases,I. Infectious Diseases,#98df8a
389,A23 Brucellosis,27.0,I. Certain infectious and parasitic diseases,I. Infectious Diseases,#98df8a
390,A24 Glanders and melioidosis,1.0,I. Certain infectious and parasitic diseases,I. Infectious Diseases,#98df8a
391,A25 Rat-bite fevers,2.0,I. Certain infectious and parasitic diseases,I. Infectious Diseases,#98df8a
392,A26 Erysipeloid,11.0,I. Certain infectious and parasitic diseases,I. Infectious Diseases,#98df8a
393,A27 Leptospirosis,25.0,I. Certain infectious and parasitic diseases,I. Infectious Diseases,#98df8a
394,"A28 Other zoonotic bacterial diseases, not elsewhere classified",45.0,I. Certain infectious and parasitic diseases,I. Infectious Diseases,#98df8a
395,A30 Leprosy [hansen's disease],2.0,I. Certain infectious and parasitic diseases,I. Infectious Diseases,#98df8a
396,A31 Infection due to other mycobacteria,107.0,I. Certain infectious and parasitic diseases,I. Infectious Diseases,#98df8a
397,A32 Listeriosis,20.0,I. Certain infectious and parasitic diseases,I. Infectious Diseases,#98df8a
398,A33 Tetanus neonatorum,1.0,I. Certain infectious and parasitic diseases,I. Infectious Diseases,#98df8a
399,A35 Other tetanus,98.0,I. Certain infectious and parasitic diseases,I. Infectious Diseases,#98df8a
400,A36 Diphtheria,118.0,I. Certain infectious and parasitic diseases,I. Infectious Diseases,#98df8a
401,A37 Whooping cough,1699.0,I. Certain infectious and parasitic diseases,I. Infectious Diseases,#98df8a
402,A38 Scarlet fever,1061.0,I. Certain infectious and parasitic diseases,I. Infectious Diseases,#98df8a
403,A39 Meningococcal infection,86.0,I. Certain infectious and parasitic diseases,I. Infectious Diseases,#98df8a
404,A40 Streptococcal septicaemia,575.0,I. Certain infectious and parasitic diseases,I. Infectious Diseases,#98df8a
405,A41 Other septicaemia,10621.0,I. Certain infectious and parasitic diseases,I. Infectious Diseases,#98df8a
406,A42 Actinomycosis,171.0,I. Certain infectious and parasitic diseases,I. Infectious Diseases,#98df8a
407,A43 Nocardiosis,2.0,I. Certain infectious and parasitic diseases,I. Infectious Diseases,#98df8a
408,A44 Bartonellosis,1.0,I. Certain infectious and parasitic diseases,I. Infectious Diseases,#98df8a
409,A46 Erysipelas,255.0,I. Certain infectious and parasitic diseases,I. Infectious Diseases,#98df8a
410,"A48 Other bacterial diseases, not elsewhere classified",175.0,I. Certain infectious and parasitic diseases,I. Infectious Diseases,#98df8a
411,A49 Bacterial infection of unspecified site,1887.0,I. Certain infectious and parasitic diseases,I. Infectious Diseases,#98df8a
412,A50 Congenital syphilis,9.0,I. Certain infectious and parasitic diseases,I. Infectious Diseases,#98df8a
413,A51 Early syphilis,15.0,I. Certain infectious and parasitic diseases,I. Infectious Diseases,#98df8a
414,A52 Late syphilis,17.0,I. Certain infectious and parasitic diseases,I. Infectious Diseases,#98df8a
415,A53 Other and unspecified syphilis,24.0,I. Certain infectious and parasitic diseases,I. Infectious Diseases,#98df8a
416,A54 Gonococcal infection,223.0,I. Certain infectious and parasitic diseases,I. Infectious Diseases,#98df8a
417,A55 Chlamydial lymphogranuloma venereum,4.0,I. Certain infectious and parasitic diseases,I. Infectious Diseases,#98df8a
418,A56 Other sexually transmitted chlamydial diseases,66.0,I. Certain infectious and parasitic diseases,I. Infectious Diseases,#98df8a
419,A58 Granuloma inguinale,1.0,I. Certain infectious and parasitic diseases,I. Infectious Diseases,#98df8a
420,A59 Trichomoniasis,76.0,I. Certain infectious and parasitic diseases,I. Infectious Diseases,#98df8a
421,A60 Anogenital herpesviral [herpes simplex] infections,352.0,I. Certain infectious and parasitic diseases,I. Infectious Diseases,#98df8a
422,"A63 Other predominantly sexually transmitted diseases, not elsewhere classified",1442.0,I. Certain infectious and parasitic diseases,I. Infectious Diseases,#98df8a
423,A64 Unspecified sexually transmitted disease,3.0,I. Certain infectious and parasitic diseases,I. Infectious Diseases,#98df8a
424,A66 Yaws,15.0,I. Certain infectious and parasitic diseases,I. Infectious Diseases,#98df8a
425,A67 Pinta [carate],6.0,I. Certain infectious and parasitic diseases,I. Infectious Diseases,#98df8a
426,A68 Relapsing fevers,1.0,I. Certain infectious and parasitic diseases,I. Infectious Diseases,#98df8a
427,A69 Other spirochaetal infections,246.0,I. Certain infectious and parasitic diseases,I. Infectious Diseases,#98df8a
428,A70 Chlamydia psittaci infection,27.0,I. Certain infectious and parasitic diseases,I. Infectious Diseases,#98df8a
429,A71 Trachoma,31.0,I. Certain infectious and parasitic diseases,I. Infectious Diseases,#98df8a
430,A74 Other diseases caused by chlamydiae,21.0,I. Certain infectious and parasitic diseases,I. Infectious Diseases,#98df8a
431,A75 Typhus fever,5.0,I. Certain infectious and parasitic diseases,I. Infectious Diseases,#98df8a
432,A77 Spotted fever [tick-borne rickettsioses],21.0,I. Certain infectious and parasitic diseases,I. Infectious Diseases,#98df8a
433,A78 Q fever,10.0,I. Certain infectious and parasitic diseases,I. Infectious Diseases,#98df8a
434,A79 Other rickettsioses,2.0,I. Certain infectious and parasitic diseases,I. Infectious Diseases,#98df8a
435,A80 Acute poliomyelitis,415.0,I. Certain infectious and parasitic diseases,I. Infectious Diseases,#98df8a
436,A81 Atypical virus infections of central nervous system,49.0,I. Certain infectious and parasitic diseases,I. Infectious Diseases,#98df8a
437,A82 Rabies,16.0,I. Certain infectious and parasitic diseases,I. Infectious Diseases,#98df8a
438,A83 Mosquito-borne viral encephalitis,26.0,I. Certain infectious and parasitic diseases,I. Infectious Diseases,#98df8a
439,A84 Tick-borne viral encephalitis,6.0,I. Certain infectious and parasitic diseases,I. Infectious Diseases,#98df8a
440,"A85 Other viral encephalitis, not elsewhere classified",11.0,I. Certain infectious and parasitic diseases,I. Infectious Diseases,#98df8a
441,A86 Unspecified viral encephalitis,100.0,I. Certain infectious and parasitic diseases,I. Infectious Diseases,#98df8a
442,A87 Viral meningitis,406.0,I. Certain infectious and parasitic diseases,I. Infectious Diseases,#98df8a
443,"A88 Other viral infections of central nervous system, not elsewhere classified",20.0,I. Certain infectious and parasitic diseases,I. Infectious Diseases,#98df8a
444,A89 Unspecified viral infection of central nervous system,31.0,I. Certain infectious and parasitic diseases,I. Infectious Diseases,#98df8a
445,A90 Dengue fever [classical dengue],8.0,I. Certain infectious and parasitic diseases,I. Infectious Diseases,#98df8a
446,A91 Dengue haemorrhagic fever,2.0,I. Certain infectious and parasitic diseases,I. Infectious Diseases,#98df8a
447,A92 Other mosquito-borne viral fevers,9.0,I. Certain infectious and parasitic diseases,I. Infectious Diseases,#98df8a
448,"A93 Other arthropod-borne viral fevers, not elsewhere classified",8.0,I. Certain infectious and parasitic diseases,I. Infectious Diseases,#98df8a
449,A94 Unspecified arthropod-borne viral fever,2.0,I. Certain infectious and parasitic diseases,I. Infectious Diseases,#98df8a
450,A95 Yellow fever,58.0,I. Certain infectious and parasitic diseases,I. Infectious Diseases,#98df8a
451,A97 Dengue,32.0,I. Certain infectious and parasitic diseases,I. Infectious Diseases,#98df8a
452,"A98 Other viral haemorrhagic fevers, not elsewhere classified",1.0,I. Certain infectious and parasitic diseases,I. Infectious Diseases,#98df8a
453,B00 Herpesviral [herpes simplex] infections,3792.0,I. Certain infectious and parasitic diseases,I. Infectious Diseases,#98df8a
454,B01 Varicella [chickenpox],9614.0,I. Certain infectious and parasitic diseases,I. Infectious Diseases,#98df8a
455,B02 Zoster [herpes zoster],12959.0,I. Certain infectious and parasitic diseases,I. Infectious Diseases,#98df8a
456,B03 Smallpox,13.0,I. Certain infectious and parasitic diseases,I. Infectious Diseases,#98df8a
457,B05 Measles,6880.0,I. Certain infectious and parasitic diseases,I. Infectious Diseases,#98df8a
458,B06 Rubella [german measles],2650.0,I. Certain infectious and parasitic diseases,I. Infectious Diseases,#98df8a
459,B07 Viral warts,14183.0,I. Certain infectious and parasitic diseases,I. Infectious Diseases,#98df8a
460,"B08 Other viral infections characterised by skin and mucous membrane lesions, not elsewhere classified",830.0,I. Certain infectious and parasitic diseases,I. Infectious Diseases,#98df8a
461,B09 Unspecified viral infection characterised by skin and mucous membrane lesions,23.0,I. Certain infectious and parasitic diseases,I. Infectious Diseases,#98df8a
462,B15 Acute hepatitis a,882.0,I. Certain infectious and parasitic diseases,I. Infectious Diseases,#98df8a
463,B16 Acute hepatitis b,213.0,I. Certain infectious and parasitic diseases,I. Infectious Diseases,#98df8a
464,B17 Other acute viral hepatitis,235.0,I. Certain infectious and parasitic diseases,I. Infectious Diseases,#98df8a
465,B18 Chronic viral hepatitis,653.0,I. Certain infectious and parasitic diseases,I. Infectious Diseases,#98df8a
466,B19 Unspecified viral hepatitis,1088.0,I. Certain infectious and parasitic diseases,I. Infectious Diseases,#98df8a
467,B20 Human immunodeficiency virus [hiv] disease resulting in infectious and parasitic diseases,51.0,I. Certain infectious and parasitic diseases,I. Infectious Diseases,#98df8a
468,B21 Human immunodeficiency virus [hiv] disease resulting in malignant neoplasms,10.0,I. Certain infectious and parasitic diseases,I. Infectious Diseases,#98df8a
469,B22 Human immunodeficiency virus [hiv] disease resulting in other specified diseases,7.0,I. Certain infectious and parasitic diseases,I. Infectious Diseases,#98df8a
470,B23 Human immunodeficiency virus [hiv] disease resulting in other conditions,27.0,I. Certain infectious and parasitic diseases,I. Infectious Diseases,#98df8a
471,B24 Unspecified human immunodeficiency virus [hiv] disease,391.0,I. Certain infectious and parasitic diseases,I. Infectious Diseases,#98df8a
472,B25 Cytomegaloviral disease,222.0,I. Certain infectious and parasitic diseases,I. Infectious Diseases,#98df8a
473,B26 Mumps,4436.0,I. Certain infectious and parasitic diseases,I. Infectious Diseases,#98df8a
474,B27 Infectious mononucleosis,2631.0,I. Certain infectious and parasitic diseases,I. Infectious Diseases,#98df8a
475,B30 Viral conjunctivitis,163.0,I. Certain infectious and parasitic diseases,I. Infectious Diseases,#98df8a
476,"B33 Other viral diseases, not elsewhere classified",203.0,I. Certain infectious and parasitic diseases,I. Infectious Diseases,#98df8a
477,B34 Viral infection of unspecified site,9617.0,I. Certain infectious and parasitic diseases,I. Infectious Diseases,#98df8a
478,B35 Dermatophytosis,26472.0,I. Certain infectious and parasitic diseases,I. Infectious Diseases,#98df8a
479,B36 Other superficial mycoses,4598.0,I. Certain infectious and parasitic diseases,I. Infectious Diseases,#98df8a
480,B37 Candidiasis,9367.0,I. Certain infectious and parasitic diseases,I. Infectious Diseases,#98df8a
481,B38 Coccidioidomycosis,2.0,I. Certain infectious and parasitic diseases,I. Infectious Diseases,#98df8a
482,B39 Histoplasmosis,8.0,I. Certain infectious and parasitic diseases,I. Infectious Diseases,#98df8a
483,B40 Blastomycosis,1.0,I. Certain infectious and parasitic diseases,I. Infectious Diseases,#98df8a
484,B42 Sporotrichosis,2.0,I. Certain infectious and parasitic diseases,I. Infectious Diseases,#98df8a
485,B43 Chromomycosis and phaeomycotic abscess,2.0,I. Certain infectious and parasitic diseases,I. Infectious Diseases,#98df8a
486,B44 Aspergillosis,338.0,I. Certain infectious and parasitic diseases,I. Infectious Diseases,#98df8a
487,B45 Cryptococcosis,6.0,I. Certain infectious and parasitic diseases,I. Infectious Diseases,#98df8a
488,B46 Zygomycosis,2.0,I. Certain infectious and parasitic diseases,I. Infectious Diseases,#98df8a
489,B47 Mycetoma,18.0,I. Certain infectious and parasitic diseases,I. Infectious Diseases,#98df8a
490,"B48 Other mycoses, not elsewhere classified",26.0,I. Certain infectious and parasitic diseases,I. Infectious Diseases,#98df8a
491,B49 Unspecified mycosis,414.0,I. Certain infectious and parasitic diseases,I. Infectious Diseases,#98df8a
492,B50 Plasmodium falciparum malaria,145.0,I. Certain infectious and parasitic diseases,I. Infectious Diseases,#98df8a
493,B51 Plasmodium vivax malaria,34.0,I. Certain infectious and parasitic diseases,I. Infectious Diseases,#98df8a
494,B52 Plasmodium malariae malaria,4.0,I. Certain infectious and parasitic diseases,I. Infectious Diseases,#98df8a
495,B53 Other parasitologically confirmed malaria,4.0,I. Certain infectious and parasitic diseases,I. Infectious Diseases,#98df8a
496,B54 Unspecified malaria,695.0,I. Certain infectious and parasitic diseases,I. Infectious Diseases,#98df8a
497,B55 Leishmaniasis,16.0,I. Certain infectious and parasitic diseases,I. Infectious Diseases,#98df8a
498,B57 Chagas' disease,1.0,I. Certain infectious and parasitic diseases,I. Infectious Diseases,#98df8a
499,B58 Toxoplasmosis,45.0,I. Certain infectious and parasitic diseases,I. Infectious Diseases,#98df8a
500,B59 Pneumocystosis,118.0,I. Certain infectious and parasitic diseases,I. Infectious Diseases,#98df8a
501,"B60 Other protozoal diseases, not elsewhere classified",11.0,I. Certain infectious and parasitic diseases,I. Infectious Diseases,#98df8a
502,B65 Schistosomiasis [bilharziasis],91.0,I. Certain infectious and parasitic diseases,I. Infectious Diseases,#98df8a
503,B66 Other fluke infections,6.0,I. Certain infectious and parasitic diseases,I. Infectious Diseases,#98df8a
504,B67 Echinococcosis,9.0,I. Certain infectious and parasitic diseases,I. Infectious Diseases,#98df8a
505,B68 Taeniasis,7.0,I. Certain infectious and parasitic diseases,I. Infectious Diseases,#98df8a
506,B69 Cysticercosis,6.0,I. Certain infectious and parasitic diseases,I. Infectious Diseases,#98df8a
507,B71 Other cestode infections,12.0,I. Certain infectious and parasitic diseases,I. Infectious Diseases,#98df8a
508,B73 Onchocerciasis,17.0,I. Certain infectious and parasitic diseases,I. Infectious Diseases,#98df8a
509,B74 Filariasis,4.0,I. Certain infectious and parasitic diseases,I. Infectious Diseases,#98df8a
510,B75 Trichinellosis,,I. Certain infectious and parasitic diseases,I. Infectious Diseases,#98df8a
511,B76 Hookworm diseases,28.0,I. Certain infectious and parasitic diseases,I. Infectious Diseases,#98df8a
512,B77 Ascariasis,9.0,I. Certain infectious and parasitic diseases,I. Infectious Diseases,#98df8a
513,B78 Strongyloidiasis,6.0,I. Certain infectious and parasitic diseases,I. Infectious Diseases,#98df8a
514,B79 Trichuriasis,4.0,I. Certain infectious and parasitic diseases,I. Infectious Diseases,#98df8a
515,B80 Enterobiasis,592.0,I. Certain infectious and parasitic diseases,I. Infectious Diseases,#98df8a
516,"B81 Other intestinal helminthiases, not elsewhere classified",14.0,I. Certain infectious and parasitic diseases,I. Infectious Diseases,#98df8a
517,B82 Unspecified intestinal parasitism,73.0,I. Certain infectious and parasitic diseases,I. Infectious Diseases,#98df8a
518,B83 Other helminthiases,62.0,I. Certain infectious and parasitic diseases,I. Infectious Diseases,#98df8a
519,B85 Pediculosis and phthiriasis,258.0,I. Certain infectious and parasitic diseases,I. Infectious Diseases,#98df8a
520,B86 Scabies,1933.0,I. Certain infectious and parasitic diseases,I. Infectious Diseases,#98df8a
521,B87 Myiasis,6.0,I. Certain infectious and parasitic diseases,I. Infectious Diseases,#98df8a
522,B88 Other infestations,146.0,I. Certain infectious and parasitic diseases,I. Infectious Diseases,#98df8a
523,B89 Unspecified parasitic disease,4.0,I. Certain infectious and parasitic diseases,I. Infectious Diseases,#98df8a
524,B90 Sequelae of tuberculosis,43.0,I. Certain infectious and parasitic diseases,I. Infectious Diseases,#98df8a
525,B91 Sequelae of poliomyelitis,192.0,I. Certain infectious and parasitic diseases,I. Infectious Diseases,#98df8a
526,B94 Sequelae of other and unspecified infectious and parasitic diseases,107.0,I. Certain infectious and parasitic diseases,I. Infectious Diseases,#98df8a
527,B95 Streptococcus and staphylococcus as the cause of diseases classified to other chapters,6513.0,I. Certain infectious and parasitic diseases,I. Infectious Diseases,#98df8a
528,B96 Other bacterial agents as the cause of diseases classified to other chapters,13531.0,I. Certain infectious and parasitic diseases,I. Infectious Diseases,#98df8a
529,B97 Viral agents as the cause of diseases classified to other chapters,1528.0,I. Certain infectious and parasitic diseases,I. Infectious Diseases,#98df8a
530,B98 Other specified infectious agents as the cause of diseases classified to other chapters,3483.0,I. Certain infectious and parasitic diseases,I. Infectious Diseases,#98df8a
531,B99 Other and unspecified infectious diseases,769.0,I. Certain infectious and parasitic diseases,I. Infectious Diseases,#98df8a
532,D50 Iron deficiency anaemia,22221.0,III. Diseases of the blood and blood-forming organs and certain disorders involving the immune mechanism,III. Blood & Immune Disorders,#ff9896
533,D51 Vitamin b12 deficiency anaemia,2904.0,III. Diseases of the blood and blood-forming organs and certain disorders involving the immune mechanism,III. Blood & Immune Disorders,#ff9896
534,D52 Folate deficiency anaemia,601.0,III. Diseases of the blood and blood-forming organs and certain disorders involving the immune mechanism,III. Blood & Immune Disorders,#ff9896
535,D53 Other nutritional anaemias,202.0,III. Diseases of the blood and blood-forming organs and certain disorders involving the immune mechanism,III. Blood & Immune Disorders,#ff9896
536,D55 Anaemia due to enzyme disorders,26.0,III. Diseases of the blood and blood-forming organs and certain disorders involving the immune mechanism,III. Blood & Immune Disorders,#ff9896
537,D56 Thalassaemia,553.0,III. Diseases of the blood and blood-forming organs and certain disorders involving the immune mechanism,III. Blood & Immune Disorders,#ff9896
538,D57 Sickle-cell disorders,548.0,III. Diseases of the blood and blood-forming organs and certain disorders involving the immune mechanism,III. Blood & Immune Disorders,#ff9896
539,D58 Other hereditary haemolytic anaemias,224.0,III. Diseases of the blood and blood-forming organs and certain disorders involving the immune mechanism,III. Blood & Immune Disorders,#ff9896
540,D59 Acquired haemolytic anaemia,270.0,III. Diseases of the blood and blood-forming organs and certain disorders involving the immune mechanism,III. Blood & Immune Disorders,#ff9896
541,D60 Acquired pure red cell aplasia [erythroblastopenia],17.0,III. Diseases of the blood and blood-forming organs and certain disorders involving the immune mechanism,III. Blood & Immune Disorders,#ff9896
542,D61 Other aplastic anaemias,1118.0,III. Diseases of the blood and blood-forming organs and certain disorders involving the immune mechanism,III. Blood & Immune Disorders,#ff9896
543,D62 Acute posthaemorrhagic anaemia,350.0,III. Diseases of the blood and blood-forming organs and certain disorders involving the immune mechanism,III. Blood & Immune Disorders,#ff9896
544,D63 Anaemia in chronic diseases classified elsewhere,1270.0,III. Diseases of the blood and blood-forming organs and certain disorders involving the immune mechanism,III. Blood & Immune Disorders,#ff9896
545,D64 Other anaemias,23404.0,III. Diseases of the blood and blood-forming organs and certain disorders involving the immune mechanism,III. Blood & Immune Disorders,#ff9896
546,D65 Disseminated intravascular coagulation [defibrination syndrome],70.0,III. Diseases of the blood and blood-forming organs and certain disorders involving the immune mechanism,III. Blood & Immune Disorders,#ff9896
547,D66 Hereditary factor viii deficiency,112.0,III. Diseases of the blood and blood-forming organs and certain disorders involving the immune mechanism,III. Blood & Immune Disorders,#ff9896
548,D67 Hereditary factor ix deficiency,24.0,III. Diseases of the blood and blood-forming organs and certain disorders involving the immune mechanism,III. Blood & Immune Disorders,#ff9896
549,D68 Other coagulation defects,2007.0,III. Diseases of the blood and blood-forming organs and certain disorders involving the immune mechanism,III. Blood & Immune Disorders,#ff9896
550,D69 Purpura and other haemorrhagic conditions,4077.0,III. Diseases of the blood and blood-forming organs and certain disorders involving the immune mechanism,III. Blood & Immune Disorders,#ff9896
551,D70 Agranulocytosis,5577.0,III. Diseases of the blood and blood-forming organs and certain disorders involving the immune mechanism,III. Blood & Immune Disorders,#ff9896
552,D71 Functional disorders of polymorphonuclear neutrophils,27.0,III. Diseases of the blood and blood-forming organs and certain disorders involving the immune mechanism,III. Blood & Immune Disorders,#ff9896
553,D72 Other disorders of white blood cells,1124.0,III. Diseases of the blood and blood-forming organs and certain disorders involving the immune mechanism,III. Blood & Immune Disorders,#ff9896
554,D73 Diseases of spleen,945.0,III. Diseases of the blood and blood-forming organs and certain disorders involving the immune mechanism,III. Blood & Immune Disorders,#ff9896
555,D74 Methaemoglobinaemia,7.0,III. Diseases of the blood and blood-forming organs and certain disorders involving the immune mechanism,III. Blood & Immune Disorders,#ff9896
556,D75 Other diseases of blood and blood-forming organs,1837.0,III. Diseases of the blood and blood-forming organs and certain disorders involving the immune mechanism,III. Blood & Immune Disorders,#ff9896
557,D76 Certain diseases involving lymphoreticular tissue and reticulohistiocytic system,95.0,III. Diseases of the blood and blood-forming organs and certain disorders involving the immune mechanism,III. Blood & Immune Disorders,#ff9896
558,D77 Other disorders of blood and blood-forming organs in diseases classified elsewhere,5.0,III. Diseases of the blood and blood-forming organs and certain disorders involving the immune mechanism,III. Blood & Immune Disorders,#ff9896
559,D80 Immunodeficiency with predominantly antibody defects,315.0,III. Diseases of the blood and blood-forming organs and certain disorders involving the immune mechanism,III. Blood & Immune Disorders,#ff9896
560,D81 Combined immunodeficiencies,11.0,III. Diseases of the blood and blood-forming organs and certain disorders involving the immune mechanism,III. Blood & Immune Disorders,#ff9896
561,D82 Immunodeficiency associated with other major defects,34.0,III. Diseases of the blood and blood-forming organs and certain disorders involving the immune mechanism,III. Blood & Immune Disorders,#ff9896
562,D83 Common variable immunodeficiency,36.0,III. Diseases of the blood and blood-forming organs and certain disorders involving the immune mechanism,III. Blood & Immune Disorders,#ff9896
563,D84 Other immunodeficiencies,143.0,III. Diseases of the blood and blood-forming organs and certain disorders involving the immune mechanism,III. Blood & Immune Disorders,#ff9896
564,D86 Sarcoidosis,1626.0,III. Diseases of the blood and blood-forming organs and certain disorders involving the immune mechanism,III. Blood & Immune Disorders,#ff9896
565,"D89 Other disorders involving the immune mechanism, not elsewhere classified",559.0,III. Diseases of the blood and blood-forming organs and certain disorders involving the immune mechanism,III. Blood & Immune Disorders,#ff9896
566,E01 Iodine-deficiency-related thyroid disorders and allied conditions,85.0,"IV. Endocrine, nutritional and metabolic diseases",IV. Metabolic Diseases,#2ca02c
567,E02 Subclinical iodine-deficiency hypothyroidism,115.0,"IV. Endocrine, nutritional and metabolic diseases",IV. Metabolic Diseases,#2ca02c
568,E03 Other hypothyroidism,30100.0,"IV. Endocrine, nutritional and metabolic diseases",IV. Metabolic Diseases,#2ca02c
569,E04 Other non-toxic goitre,4190.0,"IV. Endocrine, nutritional and metabolic diseases",IV. Metabolic Diseases,#2ca02c
570,E05 Thyrotoxicosis [hyperthyroidism],6343.0,"IV. Endocrine, nutritional and metabolic diseases",IV. Metabolic Diseases,#2ca02c
571,E06 Thyroiditis,1052.0,"IV. Endocrine, nutritional and metabolic diseases",IV. Metabolic Diseases,#2ca02c
572,E07 Other disorders of thyroid,1876.0,"IV. Endocrine, nutritional and metabolic diseases",IV. Metabolic Diseases,#2ca02c
573,E10 Insulin-dependent diabetes mellitus,4050.0,"IV. Endocrine, nutritional and metabolic diseases",IV. Metabolic Diseases,#2ca02c
574,E11 Non-insulin-dependent diabetes mellitus,32738.0,"IV. Endocrine, nutritional and metabolic diseases",IV. Metabolic Diseases,#2ca02c
575,E12 Malnutrition-related diabetes mellitus,5.0,"IV. Endocrine, nutritional and metabolic diseases",IV. Metabolic Diseases,#2ca02c
576,E13 Other specified diabetes mellitus,394.0,"IV. Endocrine, nutritional and metabolic diseases",IV. Metabolic Diseases,#2ca02c
577,E14 Unspecified diabetes mellitus,20057.0,"IV. Endocrine, nutritional and metabolic diseases",IV. Metabolic Diseases,#2ca02c
578,E15 Nondiabetic hypoglycaemic coma,27.0,"IV. Endocrine, nutritional and metabolic diseases",IV. Metabolic Diseases,#2ca02c
579,E16 Other disorders of pancreatic internal secretion,3293.0,"IV. Endocrine, nutritional and metabolic diseases",IV. Metabolic Diseases,#2ca02c
580,E20 Hypoparathyroidism,193.0,"IV. Endocrine, nutritional and metabolic diseases",IV. Metabolic Diseases,#2ca02c
581,E21 Hyperparathyroidism and other disorders of parathyroid gland,1855.0,"IV. Endocrine, nutritional and metabolic diseases",IV. Metabolic Diseases,#2ca02c
582,E22 Hyperfunction of pituitary gland,825.0,"IV. Endocrine, nutritional and metabolic diseases",IV. Metabolic Diseases,#2ca02c
583,E23 Hypofunction and other disorders of pituitary gland,990.0,"IV. Endocrine, nutritional and metabolic diseases",IV. Metabolic Diseases,#2ca02c
584,E24 Cushing's syndrome,188.0,"IV. Endocrine, nutritional and metabolic diseases",IV. Metabolic Diseases,#2ca02c
585,E25 Adrenogenital disorders,29.0,"IV. Endocrine, nutritional and metabolic diseases",IV. Metabolic Diseases,#2ca02c
586,E26 Hyperaldosteronism,138.0,"IV. Endocrine, nutritional and metabolic diseases",IV. Metabolic Diseases,#2ca02c
587,E27 Other disorders of adrenal gland,1112.0,"IV. Endocrine, nutritional and metabolic diseases",IV. Metabolic Diseases,#2ca02c
588,E28 Ovarian dysfunction,1819.0,"IV. Endocrine, nutritional and metabolic diseases",IV. Metabolic Diseases,#2ca02c
589,E29 Testicular dysfunction,479.0,"IV. Endocrine, nutritional and metabolic diseases",IV. Metabolic Diseases,#2ca02c
590,"E30 Disorders of puberty, not elsewhere classified",15.0,"IV. Endocrine, nutritional and metabolic diseases",IV. Metabolic Diseases,#2ca02c
591,E31 Polyglandular dysfunction,18.0,"IV. Endocrine, nutritional and metabolic diseases",IV. Metabolic Diseases,#2ca02c
592,E32 Diseases of thymus,32.0,"IV. Endocrine, nutritional and metabolic diseases",IV. Metabolic Diseases,#2ca02c
593,E34 Other endocrine disorders,320.0,"IV. Endocrine, nutritional and metabolic diseases",IV. Metabolic Diseases,#2ca02c
594,E35 Disorders of endocrine glands in diseases classified elsewhere,4.0,"IV. Endocrine, nutritional and metabolic diseases",IV. Metabolic Diseases,#2ca02c
595,E41 Nutritional marasmus,14.0,"IV. Endocrine, nutritional and metabolic diseases",IV. Metabolic Diseases,#2ca02c
596,E43 Unspecified severe protein-energy malnutrition,11.0,"IV. Endocrine, nutritional and metabolic diseases",IV. Metabolic Diseases,#2ca02c
597,E44 Protein-energy malnutrition of moderate and mild degree,5.0,"IV. Endocrine, nutritional and metabolic diseases",IV. Metabolic Diseases,#2ca02c
598,E45 Retarded development following protein-energy malnutrition,,"IV. Endocrine, nutritional and metabolic diseases",IV. Metabolic Diseases,#2ca02c
599,E46 Unspecified protein-energy malnutrition,420.0,"IV. Endocrine, nutritional and metabolic diseases",IV. Metabolic Diseases,#2ca02c
600,E50 Vitamin a deficiency,9.0,"IV. Endocrine, nutritional and metabolic diseases",IV. Metabolic Diseases,#2ca02c
601,E51 Thiamine deficiency,47.0,"IV. Endocrine, nutritional and metabolic diseases",IV. Metabolic Diseases,#2ca02c
602,E52 Niacin deficiency [pellagra],4.0,"IV. Endocrine, nutritional and metabolic diseases",IV. Metabolic Diseases,#2ca02c
603,E53 Deficiency of other b group vitamins,3042.0,"IV. Endocrine, nutritional and metabolic diseases",IV. Metabolic Diseases,#2ca02c
604,E54 Ascorbic acid deficiency,18.0,"IV. Endocrine, nutritional and metabolic diseases",IV. Metabolic Diseases,#2ca02c
605,E55 Vitamin d deficiency,3799.0,"IV. Endocrine, nutritional and metabolic diseases",IV. Metabolic Diseases,#2ca02c
606,E56 Other vitamin deficiencies,247.0,"IV. Endocrine, nutritional and metabolic diseases",IV. Metabolic Diseases,#2ca02c
607,E58 Dietary calcium deficiency,39.0,"IV. Endocrine, nutritional and metabolic diseases",IV. Metabolic Diseases,#2ca02c
608,E59 Dietary selenium deficiency,2.0,"IV. Endocrine, nutritional and metabolic diseases",IV. Metabolic Diseases,#2ca02c
609,E60 Dietary zinc deficiency,19.0,"IV. Endocrine, nutritional and metabolic diseases",IV. Metabolic Diseases,#2ca02c
610,E61 Deficiency of other nutrient elements,1028.0,"IV. Endocrine, nutritional and metabolic diseases",IV. Metabolic Diseases,#2ca02c
611,E63 Other nutritional deficiencies,41.0,"IV. Endocrine, nutritional and metabolic diseases",IV. Metabolic Diseases,#2ca02c
612,E64 Sequelae of malnutrition and other nutritional deficiencies,3.0,"IV. Endocrine, nutritional and metabolic diseases",IV. Metabolic Diseases,#2ca02c
613,E65 Localised adiposity,116.0,"IV. Endocrine, nutritional and metabolic diseases",IV. Metabolic Diseases,#2ca02c
614,E66 Obesity,35645.0,"IV. Endocrine, nutritional and metabolic diseases",IV. Metabolic Diseases,#2ca02c
615,E67 Other hyperalimentation,10.0,"IV. Endocrine, nutritional and metabolic diseases",IV. Metabolic Diseases,#2ca02c
616,E68 Sequelae of hyperalimentation,,"IV. Endocrine, nutritional and metabolic diseases",IV. Metabolic Diseases,#2ca02c
617,E70 Disorders of aromatic amino-acid metabolism,57.0,"IV. Endocrine, nutritional and metabolic diseases",IV. Metabolic Diseases,#2ca02c
618,E71 Disorders of branched-chain amino-acid metabolism and fatty-acid metabolism,12.0,"IV. Endocrine, nutritional and metabolic diseases",IV. Metabolic Diseases,#2ca02c
619,E72 Other disorders of amino-acid metabolism,78.0,"IV. Endocrine, nutritional and metabolic diseases",IV. Metabolic Diseases,#2ca02c
620,E73 Lactose intolerance,398.0,"IV. Endocrine, nutritional and metabolic diseases",IV. Metabolic Diseases,#2ca02c
621,E74 Other disorders of carbohydrate metabolism,345.0,"IV. Endocrine, nutritional and metabolic diseases",IV. Metabolic Diseases,#2ca02c
622,E75 Disorders of sphingolipid metabolism and other lipid storage disorders,93.0,"IV. Endocrine, nutritional and metabolic diseases",IV. Metabolic Diseases,#2ca02c
623,E76 Disorders of glycosaminoglycan metabolism,7.0,"IV. Endocrine, nutritional and metabolic diseases",IV. Metabolic Diseases,#2ca02c
624,E77 Disorders of glycoprotein metabolism,20.0,"IV. Endocrine, nutritional and metabolic diseases",IV. Metabolic Diseases,#2ca02c
625,E78 Disorders of lipoprotein metabolism and other lipidaemias,92742.0,"IV. Endocrine, nutritional and metabolic diseases",IV. Metabolic Diseases,#2ca02c
626,E79 Disorders of purine and pyrimidine metabolism,427.0,"IV. Endocrine, nutritional and metabolic diseases",IV. Metabolic Diseases,#2ca02c
627,E80 Disorders of porphyrin and bilirubin metabolism,1406.0,"IV. Endocrine, nutritional and metabolic diseases",IV. Metabolic Diseases,#2ca02c
628,E83 Disorders of mineral metabolism,5775.0,"IV. Endocrine, nutritional and metabolic diseases",IV. Metabolic Diseases,#2ca02c
629,E84 Cystic fibrosis,111.0,"IV. Endocrine, nutritional and metabolic diseases",IV. Metabolic Diseases,#2ca02c
630,E85 Amyloidosis,317.0,"IV. Endocrine, nutritional and metabolic diseases",IV. Metabolic Diseases,#2ca02c
631,E86 Volume depletion,7017.0,"IV. Endocrine, nutritional and metabolic diseases",IV. Metabolic Diseases,#2ca02c
632,"E87 Other disorders of fluid, electrolyte and acid-base balance",15861.0,"IV. Endocrine, nutritional and metabolic diseases",IV. Metabolic Diseases,#2ca02c
633,E88 Other metabolic disorders,1114.0,"IV. Endocrine, nutritional and metabolic diseases",IV. Metabolic Diseases,#2ca02c
634,"E89 Postprocedural endocrine and metabolic disorders, not elsewhere classified",2536.0,"IV. Endocrine, nutritional and metabolic diseases",IV. Metabolic Diseases,#2ca02c
635,F00 Dementia in alzheimer's disease,1341.0,V. Mental and behavioural disorders,V. Mental Disorders,#9edae5
636,F01 Vascular dementia,1028.0,V. Mental and behavioural disorders,V. Mental Disorders,#9edae5
637,F02 Dementia in other diseases classified elsewhere,567.0,V. Mental and behavioural disorders,V. Mental Disorders,#9edae5
638,F03 Unspecified dementia,2352.0,V. Mental and behavioural disorders,V. Mental Disorders,#9edae5
639,"F04 Organic amnesic syndrome, not induced by alcohol and other psychoactive substances",19.0,V. Mental and behavioural disorders,V. Mental Disorders,#9edae5
640,"F05 Delirium, not induced by alcohol and other psychoactive substances",3691.0,V. Mental and behavioural disorders,V. Mental Disorders,#9edae5
641,F06 Other mental disorders due to brain damage and dysfunction and to physical disease,912.0,V. Mental and behavioural disorders,V. Mental Disorders,#9edae5
642,"F07 Personality and behavioural disorders due to brain disease, damage and dysfunction",180.0,V. Mental and behavioural disorders,V. Mental Disorders,#9edae5
643,F09 Unspecified organic or symptomatic mental disorder,391.0,V. Mental and behavioural disorders,V. Mental Disorders,#9edae5
644,F10 Mental and behavioural disorders due to use of alcohol,9391.0,V. Mental and behavioural disorders,V. Mental Disorders,#9edae5
645,F11 Mental and behavioural disorders due to use of opioids,255.0,V. Mental and behavioural disorders,V. Mental Disorders,#9edae5
646,F12 Mental and behavioural disorders due to use of cannabinoids,306.0,V. Mental and behavioural disorders,V. Mental Disorders,#9edae5
647,F13 Mental and behavioural disorders due to use of sedatives or hypnotics,217.0,V. Mental and behavioural disorders,V. Mental Disorders,#9edae5
648,F14 Mental and behavioural disorders due to use of cocaine,62.0,V. Mental and behavioural disorders,V. Mental Disorders,#9edae5
649,"F15 Mental and behavioural disorders due to use of other stimulants, including caffeine",60.0,V. Mental and behavioural disorders,V. Mental Disorders,#9edae5
650,F16 Mental and behavioural disorders due to use of hallucinogens,30.0,V. Mental and behavioural disorders,V. Mental Disorders,#9edae5
651,F17 Mental and behavioural disorders due to use of tobacco,34472.0,V. Mental and behavioural disorders,V. Mental Disorders,#9edae5
652,F18 Mental and behavioural disorders due to use of volatile solvents,7.0,V. Mental and behavioural disorders,V. Mental Disorders,#9edae5
653,F19 Mental and behavioural disorders due to multiple drug use and use of other psychoactive substances,243.0,V. Mental and behavioural disorders,V. Mental Disorders,#9edae5
654,F20 Schizophrenia,1043.0,V. Mental and behavioural disorders,V. Mental Disorders,#9edae5
655,F21 Schizotypal disorder,19.0,V. Mental and behavioural disorders,V. Mental Disorders,#9edae5
656,F22 Persistent delusional disorders,417.0,V. Mental and behavioural disorders,V. Mental Disorders,#9edae5
657,F23 Acute and transient psychotic disorders,236.0,V. Mental and behavioural disorders,V. Mental Disorders,#9edae5
658,F24 Induced delusional disorder,3.0,V. Mental and behavioural disorders,V. Mental Disorders,#9edae5
659,F25 Schizoaffective disorders,260.0,V. Mental and behavioural disorders,V. Mental Disorders,#9edae5
660,F28 Other nonorganic psychotic disorders,11.0,V. Mental and behavioural disorders,V. Mental Disorders,#9edae5
661,F29 Unspecified nonorganic psychosis,461.0,V. Mental and behavioural disorders,V. Mental Disorders,#9edae5
662,F30 Manic episode,385.0,V. Mental and behavioural disorders,V. Mental Disorders,#9edae5
663,F31 Bipolar affective disorder,1566.0,V. Mental and behavioural disorders,V. Mental Disorders,#9edae5
664,F32 Depressive episode,46169.0,V. Mental and behavioural disorders,V. Mental Disorders,#9edae5
665,F33 Recurrent depressive disorder,3026.0,V. Mental and behavioural disorders,V. Mental Disorders,#9edae5
666,F34 Persistent mood [affective] disorders,736.0,V. Mental and behavioural disorders,V. Mental Disorders,#9edae5
667,F38 Other mood [affective] disorders,129.0,V. Mental and behavioural disorders,V. Mental Disorders,#9edae5
668,F39 Unspecified mood [affective] disorder,722.0,V. Mental and behavioural disorders,V. Mental Disorders,#9edae5
669,F40 Phobic anxiety disorders,3145.0,V. Mental and behavioural disorders,V. Mental Disorders,#9edae5
670,F41 Other anxiety disorders,23991.0,V. Mental and behavioural disorders,V. Mental Disorders,#9edae5
671,F42 Obsessive-compulsive disorder,702.0,V. Mental and behavioural disorders,V. Mental Disorders,#9edae5
672,"F43 Reaction to severe stress, and adjustment disorders",11680.0,V. Mental and behavioural disorders,V. Mental Disorders,#9edae5
673,F44 Dissociative [conversion] disorders,272.0,V. Mental and behavioural disorders,V. Mental Disorders,#9edae5
674,F45 Somatoform disorders,2451.0,V. Mental and behavioural disorders,V. Mental Disorders,#9edae5
675,F48 Other neurotic disorders,304.0,V. Mental and behavioural disorders,V. Mental Disorders,#9edae5
676,F50 Eating disorders,752.0,V. Mental and behavioural disorders,V. Mental Disorders,#9edae5
677,F51 Nonorganic sleep disorders,453.0,V. Mental and behavioural disorders,V. Mental Disorders,#9edae5
678,"F52 Sexual dysfunction, not caused by organic disorder or disease",1912.0,V. Mental and behavioural disorders,V. Mental Disorders,#9edae5
679,"F53 Mental and behavioural disorders associated with the puerperium, not elsewhere classified",1009.0,V. Mental and behavioural disorders,V. Mental Disorders,#9edae5
680,F54 Psychological and behavioural factors associated with disorders or diseases classified elsewhere,10.0,V. Mental and behavioural disorders,V. Mental Disorders,#9edae5
681,F55 Abuse of non-dependence-producing substances,24.0,V. Mental and behavioural disorders,V. Mental Disorders,#9edae5
682,F59 Unspecified behavioural syndromes associated with physiological disturbances and physical factors,3.0,V. Mental and behavioural disorders,V. Mental Disorders,#9edae5
683,F60 Specific personality disorders,628.0,V. Mental and behavioural disorders,V. Mental Disorders,#9edae5
684,F61 Mixed and other personality disorders,29.0,V. Mental and behavioural disorders,V. Mental Disorders,#9edae5
685,"F62 Enduring personality changes, not attributable to brain damage and disease",36.0,V. Mental and behavioural disorders,V. Mental Disorders,#9edae5
686,F63 Habit and impulse disorders,44.0,V. Mental and behavioural disorders,V. Mental Disorders,#9edae5
687,F64 Gender identity disorders,74.0,V. Mental and behavioural disorders,V. Mental Disorders,#9edae5
688,F65 Disorders of sexual preference,25.0,V. Mental and behavioural disorders,V. Mental Disorders,#9edae5
689,F66 Psychological and behavioural disorders associated with sexual development and orientation,302.0,V. Mental and behavioural disorders,V. Mental Disorders,#9edae5
690,F68 Other disorders of adult personality and behaviour,12.0,V. Mental and behavioural disorders,V. Mental Disorders,#9edae5
691,F69 Unspecified disorder of adult personality and behaviour,123.0,V. Mental and behavioural disorders,V. Mental Disorders,#9edae5
692,F70 Mild mental retardation,50.0,V. Mental and behavioural disorders,V. Mental Disorders,#9edae5
693,F71 Moderate mental retardation,10.0,V. Mental and behavioural disorders,V. Mental Disorders,#9edae5
694,F72 Severe mental retardation,3.0,V. Mental and behavioural disorders,V. Mental Disorders,#9edae5
695,F78 Other mental retardation,2.0,V. Mental and behavioural disorders,V. Mental Disorders,#9edae5
696,F79 Unspecified mental retardation,101.0,V. Mental and behavioural disorders,V. Mental Disorders,#9edae5
697,F80 Specific developmental disorders of speech and language,247.0,V. Mental and behavioural disorders,V. Mental Disorders,#9edae5
698,F81 Specific developmental disorders of scholastic skills,360.0,V. Mental and behavioural disorders,V. Mental Disorders,#9edae5
699,F82 Specific developmental disorder of motor function,15.0,V. Mental and behavioural disorders,V. Mental Disorders,#9edae5
700,F83 Mixed specific developmental disorders,1.0,V. Mental and behavioural disorders,V. Mental Disorders,#9edae5
701,F84 Pervasive developmental disorders,206.0,V. Mental and behavioural disorders,V. Mental Disorders,#9edae5
702,F88 Other disorders of psychological development,2.0,V. Mental and behavioural disorders,V. Mental Disorders,#9edae5
703,F89 Unspecified disorder of psychological development,6.0,V. Mental and behavioural disorders,V. Mental Disorders,#9edae5
704,F90 Hyperkinetic disorders,49.0,V. Mental and behavioural disorders,V. Mental Disorders,#9edae5
705,F91 Conduct disorders,118.0,V. Mental and behavioural disorders,V. Mental Disorders,#9edae5
706,F92 Mixed disorders of conduct and emotions,6.0,V. Mental and behavioural disorders,V. Mental Disorders,#9edae5
707,F93 Emotional disorders with onset specific to childhood,22.0,V. Mental and behavioural disorders,V. Mental Disorders,#9edae5
708,F94 Disorders of social functioning with onset specific to childhood and adolescence,3.0,V. Mental and behavioural disorders,V. Mental Disorders,#9edae5
709,F95 Tic disorders,39.0,V. Mental and behavioural disorders,V. Mental Disorders,#9edae5
710,F98 Other behavioural and emotional disorders with onset usually occurring in childhood and adolescence,132.0,V. Mental and behavioural disorders,V. Mental Disorders,#9edae5
711,"F99 Mental disorder, not otherwise specified",350.0,V. Mental and behavioural disorders,V. Mental Disorders,#9edae5
712,"G00 Bacterial meningitis, not elsewhere classified",176.0,VI. Diseases of the nervous system,VI. Nervous System Diseases,#7f7f7f
713,G01 Meningitis in bacterial diseases classified elsewhere,43.0,VI. Diseases of the nervous system,VI. Nervous System Diseases,#7f7f7f
714,G02 Meningitis in other infectious and parasitic diseases classified elsewhere,74.0,VI. Diseases of the nervous system,VI. Nervous System Diseases,#7f7f7f
715,G03 Meningitis due to other and unspecified causes,1912.0,VI. Diseases of the nervous system,VI. Nervous System Diseases,#7f7f7f
716,"G04 Encephalitis, myelitis and encephalomyelitis",620.0,VI. Diseases of the nervous system,VI. Nervous System Diseases,#7f7f7f
717,"G05 Encephalitis, myelitis and encephalomyelitis in diseases classified elsewhere",79.0,VI. Diseases of the nervous system,VI. Nervous System Diseases,#7f7f7f
718,G06 Intracranial and intraspinal abscess and granuloma,281.0,VI. Diseases of the nervous system,VI. Nervous System Diseases,#7f7f7f
719,G07 Intracranial and intraspinal abscess and granuloma in diseases classified elsewhere,4.0,VI. Diseases of the nervous system,VI. Nervous System Diseases,#7f7f7f
720,G08 Intracranial and intraspinal phlebitis and thrombophlebitis,84.0,VI. Diseases of the nervous system,VI. Nervous System Diseases,#7f7f7f
721,G09 Sequelae of inflammatory diseases of central nervous system,78.0,VI. Diseases of the nervous system,VI. Nervous System Diseases,#7f7f7f
722,G10 Huntington's disease,41.0,VI. Diseases of the nervous system,VI. Nervous System Diseases,#7f7f7f
723,G11 Hereditary ataxia,306.0,VI. Diseases of the nervous system,VI. Nervous System Diseases,#7f7f7f
724,G12 Spinal muscular atrophy and related syndromes,513.0,VI. Diseases of the nervous system,VI. Nervous System Diseases,#7f7f7f
725,G13 Systemic atrophies primarily affecting central nervous system in diseases classified elsewhere,22.0,VI. Diseases of the nervous system,VI. Nervous System Diseases,#7f7f7f
726,G14 Postpolio syndrome,61.0,VI. Diseases of the nervous system,VI. Nervous System Diseases,#7f7f7f
727,G20 Parkinson's disease,2723.0,VI. Diseases of the nervous system,VI. Nervous System Diseases,#7f7f7f
728,G21 Secondary parkinsonism,180.0,VI. Diseases of the nervous system,VI. Nervous System Diseases,#7f7f7f
729,G22 Parkinsonism in diseases classified elsewhere,3.0,VI. Diseases of the nervous system,VI. Nervous System Diseases,#7f7f7f
730,G23 Other degenerative diseases of basal ganglia,202.0,VI. Diseases of the nervous system,VI. Nervous System Diseases,#7f7f7f
731,G24 Dystonia,957.0,VI. Diseases of the nervous system,VI. Nervous System Diseases,#7f7f7f
732,G25 Other extrapyramidal and movement disorders,4177.0,VI. Diseases of the nervous system,VI. Nervous System Diseases,#7f7f7f
733,G30 Alzheimer's disease,1915.0,VI. Diseases of the nervous system,VI. Nervous System Diseases,#7f7f7f
734,"G31 Other degenerative diseases of nervous system, not elsewhere classified",1857.0,VI. Diseases of the nervous system,VI. Nervous System Diseases,#7f7f7f
735,G32 Other degenerative disorders of nervous system in diseases classified elsewhere,40.0,VI. Diseases of the nervous system,VI. Nervous System Diseases,#7f7f7f
736,G35 Multiple sclerosis,1968.0,VI. Diseases of the nervous system,VI. Nervous System Diseases,#7f7f7f
737,G36 Other acute disseminated demyelination,30.0,VI. Diseases of the nervous system,VI. Nervous System Diseases,#7f7f7f
738,G37 Other demyelinating diseases of central nervous system,506.0,VI. Diseases of the nervous system,VI. Nervous System Diseases,#7f7f7f
739,G40 Epilepsy,6575.0,VI. Diseases of the nervous system,VI. Nervous System Diseases,#7f7f7f
740,G41 Status epilepticus,247.0,VI. Diseases of the nervous system,VI. Nervous System Diseases,#7f7f7f
741,G43 Migraine,20508.0,VI. Diseases of the nervous system,VI. Nervous System Diseases,#7f7f7f
742,G44 Other headache syndromes,4740.0,VI. Diseases of the nervous system,VI. Nervous System Diseases,#7f7f7f
743,G45 Transient cerebral ischaemic attacks and related syndromes,7401.0,VI. Diseases of the nervous system,VI. Nervous System Diseases,#7f7f7f
744,G46 Vascular syndromes of brain in cerebrovascular diseases,202.0,VI. Diseases of the nervous system,VI. Nervous System Diseases,#7f7f7f
745,G47 Sleep disorders,15217.0,VI. Diseases of the nervous system,VI. Nervous System Diseases,#7f7f7f
746,G50 Disorders of trigeminal nerve,2532.0,VI. Diseases of the nervous system,VI. Nervous System Diseases,#7f7f7f
747,G51 Facial nerve disorders,2758.0,VI. Diseases of the nervous system,VI. Nervous System Diseases,#7f7f7f
748,G52 Disorders of other cranial nerves,372.0,VI. Diseases of the nervous system,VI. Nervous System Diseases,#7f7f7f
749,G53 Cranial nerve disorders in diseases classified elsewhere,175.0,VI. Diseases of the nervous system,VI. Nervous System Diseases,#7f7f7f
750,G54 Nerve root and plexus disorders,1086.0,VI. Diseases of the nervous system,VI. Nervous System Diseases,#7f7f7f
751,G55 Nerve root and plexus compressions in diseases classified elsewhere,6587.0,VI. Diseases of the nervous system,VI. Nervous System Diseases,#7f7f7f
752,G56 Mononeuropathies of upper limb,19724.0,VI. Diseases of the nervous system,VI. Nervous System Diseases,#7f7f7f
753,G57 Mononeuropathies of lower limb,4142.0,VI. Diseases of the nervous system,VI. Nervous System Diseases,#7f7f7f
754,G58 Other mononeuropathies,797.0,VI. Diseases of the nervous system,VI. Nervous System Diseases,#7f7f7f
755,G59 Mononeuropathy in diseases classified elsewhere,272.0,VI. Diseases of the nervous system,VI. Nervous System Diseases,#7f7f7f
756,G60 Hereditary and idiopathic neuropathy,419.0,VI. Diseases of the nervous system,VI. Nervous System Diseases,#7f7f7f
757,G61 Inflammatory polyneuropathy,533.0,VI. Diseases of the nervous system,VI. Nervous System Diseases,#7f7f7f
758,G62 Other polyneuropathies,3742.0,VI. Diseases of the nervous system,VI. Nervous System Diseases,#7f7f7f
759,G63 Polyneuropathy in diseases classified elsewhere,1006.0,VI. Diseases of the nervous system,VI. Nervous System Diseases,#7f7f7f
760,G64 Other disorders of peripheral nervous system,230.0,VI. Diseases of the nervous system,VI. Nervous System Diseases,#7f7f7f
761,G70 Myasthenia gravis and other myoneural disorders,396.0,VI. Diseases of the nervous system,VI. Nervous System Diseases,#7f7f7f
762,G71 Primary disorders of muscles,260.0,VI. Diseases of the nervous system,VI. Nervous System Diseases,#7f7f7f
763,G72 Other myopathies,346.0,VI. Diseases of the nervous system,VI. Nervous System Diseases,#7f7f7f
764,G73 Disorders of myoneural junction and muscle in diseases classified elsewhere,33.0,VI. Diseases of the nervous system,VI. Nervous System Diseases,#7f7f7f
765,G80 Infantile cerebral palsy,256.0,VI. Diseases of the nervous system,VI. Nervous System Diseases,#7f7f7f
766,G81 Hemiplegia,3149.0,VI. Diseases of the nervous system,VI. Nervous System Diseases,#7f7f7f
767,G82 Paraplegia and tetraplegia,510.0,VI. Diseases of the nervous system,VI. Nervous System Diseases,#7f7f7f
768,G83 Other paralytic syndromes,1062.0,VI. Diseases of the nervous system,VI. Nervous System Diseases,#7f7f7f
769,G90 Disorders of autonomic nervous system,560.0,VI. Diseases of the nervous system,VI. Nervous System Diseases,#7f7f7f
770,G91 Hydrocephalus,811.0,VI. Diseases of the nervous system,VI. Nervous System Diseases,#7f7f7f
771,G92 Toxic encephalopathy,16.0,VI. Diseases of the nervous system,VI. Nervous System Diseases,#7f7f7f
772,G93 Other disorders of brain,3992.0,VI. Diseases of the nervous system,VI. Nervous System Diseases,#7f7f7f
773,G94 Other disorders of brain in diseases classified elsewhere,122.0,VI. Diseases of the nervous system,VI. Nervous System Diseases,#7f7f7f
774,G95 Other diseases of spinal cord,1512.0,VI. Diseases of the nervous system,VI. Nervous System Diseases,#7f7f7f
775,G96 Other disorders of central nervous system,434.0,VI. Diseases of the nervous system,VI. Nervous System Diseases,#7f7f7f
776,"G97 Postprocedural disorders of nervous system, not elsewhere classified",298.0,VI. Diseases of the nervous system,VI. Nervous System Diseases,#7f7f7f
777,"G98 Other disorders of nervous system, not elsewhere classified",1690.0,VI. Diseases of the nervous system,VI. Nervous System Diseases,#7f7f7f
778,G99 Other disorders of nervous system in diseases classified elsewhere,1857.0,VI. Diseases of the nervous system,VI. Nervous System Diseases,#7f7f7f
779,H00 Hordeolum and chalazion,10304.0,VII. Diseases of the eye and adnexa,VII. Eye Diseases,#aec7e8
780,H01 Other inflammation of eyelid,4354.0,VII. Diseases of the eye and adnexa,VII. Eye Diseases,#aec7e8
781,H02 Other disorders of eyelid,10427.0,VII. Diseases of the eye and adnexa,VII. Eye Diseases,#aec7e8
782,H03 Disorders of eyelid in diseases classified elsewhere,72.0,VII. Diseases of the eye and adnexa,VII. Eye Diseases,#aec7e8
783,H04 Disorders of lachrymal system,12300.0,VII. Diseases of the eye and adnexa,VII. Eye Diseases,#aec7e8
784,H05 Disorders of orbit,928.0,VII. Diseases of the eye and adnexa,VII. Eye Diseases,#aec7e8
785,H06 Disorders of lachrymal system and orbit in diseases classified elsewhere,172.0,VII. Diseases of the eye and adnexa,VII. Eye Diseases,#aec7e8
786,H10 Conjunctivitis,19057.0,VII. Diseases of the eye and adnexa,VII. Eye Diseases,#aec7e8
787,H11 Other disorders of conjunctiva,7008.0,VII. Diseases of the eye and adnexa,VII. Eye Diseases,#aec7e8
788,H13 Disorders of conjunctiva in diseases classified elsewhere,121.0,VII. Diseases of the eye and adnexa,VII. Eye Diseases,#aec7e8
789,H15 Disorders of sclera,1032.0,VII. Diseases of the eye and adnexa,VII. Eye Diseases,#aec7e8
790,H16 Keratitis,1351.0,VII. Diseases of the eye and adnexa,VII. Eye Diseases,#aec7e8
791,H17 Corneal scars and opacities,383.0,VII. Diseases of the eye and adnexa,VII. Eye Diseases,#aec7e8
792,H18 Other disorders of cornea,2982.0,VII. Diseases of the eye and adnexa,VII. Eye Diseases,#aec7e8
793,H19 Disorders of sclera and cornea in diseases classified elsewhere,151.0,VII. Diseases of the eye and adnexa,VII. Eye Diseases,#aec7e8
794,H20 Iridocyclitis,2299.0,VII. Diseases of the eye and adnexa,VII. Eye Diseases,#aec7e8
795,H21 Other disorders of iris and ciliary body,881.0,VII. Diseases of the eye and adnexa,VII. Eye Diseases,#aec7e8
796,H22 Disorders of iris and ciliary body in diseases classified elsewhere,59.0,VII. Diseases of the eye and adnexa,VII. Eye Diseases,#aec7e8
797,H25 Senile cataract,20899.0,VII. Diseases of the eye and adnexa,VII. Eye Diseases,#aec7e8
798,H26 Other cataract,33220.0,VII. Diseases of the eye and adnexa,VII. Eye Diseases,#aec7e8
799,H27 Other disorders of lens,480.0,VII. Diseases of the eye and adnexa,VII. Eye Diseases,#aec7e8
800,H28 Cataract and other disorders of lens in diseases classified elsewhere,66.0,VII. Diseases of the eye and adnexa,VII. Eye Diseases,#aec7e8
801,H30 Chorioretinal inflammation,187.0,VII. Diseases of the eye and adnexa,VII. Eye Diseases,#aec7e8
802,H31 Other disorders of choroid,680.0,VII. Diseases of the eye and adnexa,VII. Eye Diseases,#aec7e8
803,H32 Chorioretinal disorders in diseases classified elsewhere,11.0,VII. Diseases of the eye and adnexa,VII. Eye Diseases,#aec7e8
804,H33 Retinal detachments and breaks,5727.0,VII. Diseases of the eye and adnexa,VII. Eye Diseases,#aec7e8
805,H34 Retinal vascular occlusions,1870.0,VII. Diseases of the eye and adnexa,VII. Eye Diseases,#aec7e8
806,H35 Other retinal disorders,12063.0,VII. Diseases of the eye and adnexa,VII. Eye Diseases,#aec7e8
807,H36 Retinal disorders in diseases classified elsewhere,3475.0,VII. Diseases of the eye and adnexa,VII. Eye Diseases,#aec7e8
808,H40 Glaucoma,14230.0,VII. Diseases of the eye and adnexa,VII. Eye Diseases,#aec7e8
809,H42 Glaucoma in diseases classified elsewhere,5.0,VII. Diseases of the eye and adnexa,VII. Eye Diseases,#aec7e8
810,H43 Disorders of vitreous body,8832.0,VII. Diseases of the eye and adnexa,VII. Eye Diseases,#aec7e8
811,H44 Disorders of globe,1668.0,VII. Diseases of the eye and adnexa,VII. Eye Diseases,#aec7e8
812,H45 Disorders of vitreous body and globe in diseases classified elsewhere,22.0,VII. Diseases of the eye and adnexa,VII. Eye Diseases,#aec7e8
813,H46 Optic neuritis,416.0,VII. Diseases of the eye and adnexa,VII. Eye Diseases,#aec7e8
814,H47 Other disorders of optic [2nd] nerve and visual pathways,1180.0,VII. Diseases of the eye and adnexa,VII. Eye Diseases,#aec7e8
815,H48 Disorders of optic [2nd] nerve and visual pathways in diseases classified elsewhere,12.0,VII. Diseases of the eye and adnexa,VII. Eye Diseases,#aec7e8
816,H49 Paralytic strabismus,648.0,VII. Diseases of the eye and adnexa,VII. Eye Diseases,#aec7e8
817,H50 Other strabismus,2042.0,VII. Diseases of the eye and adnexa,VII. Eye Diseases,#aec7e8
818,H51 Other disorders of binocular movement,196.0,VII. Diseases of the eye and adnexa,VII. Eye Diseases,#aec7e8
819,H52 Disorders of refraction and accommodation,7305.0,VII. Diseases of the eye and adnexa,VII. Eye Diseases,#aec7e8
820,H53 Visual disturbances,10024.0,VII. Diseases of the eye and adnexa,VII. Eye Diseases,#aec7e8
821,H54 Blindness and low vision,2867.0,VII. Diseases of the eye and adnexa,VII. Eye Diseases,#aec7e8
822,H55 Nystagmus and other irregular eye movements,510.0,VII. Diseases of the eye and adnexa,VII. Eye Diseases,#aec7e8
823,H57 Other disorders of eye and adnexa,6534.0,VII. Diseases of the eye and adnexa,VII. Eye Diseases,#aec7e8
824,H58 Other disorders of eye and adnexa in diseases classified elsewhere,153.0,VII. Diseases of the eye and adnexa,VII. Eye Diseases,#aec7e8
825,"H59 Postprocedural disorders of eye and adnexa, not elsewhere classified",400.0,VII. Diseases of the eye and adnexa,VII. Eye Diseases,#aec7e8
826,H60 Otitis externa,17705.0,VIII. Diseases of the ear and mastoid process,VIII. Ear Diseases,#dbdb8d
827,H61 Other disorders of external ear,24007.0,VIII. Diseases of the ear and mastoid process,VIII. Ear Diseases,#dbdb8d
828,H62 Disorders of external ear in diseases classified elsewhere,45.0,VIII. Diseases of the ear and mastoid process,VIII. Ear Diseases,#dbdb8d
829,H65 Nonsuppurative otitis media,4779.0,VIII. Diseases of the ear and mastoid process,VIII. Ear Diseases,#dbdb8d
830,H66 Suppurative and unspecified otitis media,8180.0,VIII. Diseases of the ear and mastoid process,VIII. Ear Diseases,#dbdb8d
831,H67 Otitis media in diseases classified elsewhere,11.0,VIII. Diseases of the ear and mastoid process,VIII. Ear Diseases,#dbdb8d
832,H68 Eustachian salpingitis and obstruction,1999.0,VIII. Diseases of the ear and mastoid process,VIII. Ear Diseases,#dbdb8d
833,H69 Other disorders of eustachian tube,2162.0,VIII. Diseases of the ear and mastoid process,VIII. Ear Diseases,#dbdb8d
834,H70 Mastoiditis and related conditions,230.0,VIII. Diseases of the ear and mastoid process,VIII. Ear Diseases,#dbdb8d
835,H71 Cholesteatoma of middle ear,567.0,VIII. Diseases of the ear and mastoid process,VIII. Ear Diseases,#dbdb8d
836,H72 Perforation of tympanic membrane,1762.0,VIII. Diseases of the ear and mastoid process,VIII. Ear Diseases,#dbdb8d
837,H73 Other disorders of tympanic membrane,608.0,VIII. Diseases of the ear and mastoid process,VIII. Ear Diseases,#dbdb8d
838,H74 Other disorders of middle ear and mastoid,746.0,VIII. Diseases of the ear and mastoid process,VIII. Ear Diseases,#dbdb8d
839,H75 Other disorders of middle ear and mastoid in diseases classified elsewhere,3.0,VIII. Diseases of the ear and mastoid process,VIII. Ear Diseases,#dbdb8d
840,H80 Otosclerosis,864.0,VIII. Diseases of the ear and mastoid process,VIII. Ear Diseases,#dbdb8d
841,H81 Disorders of vestibular function,10045.0,VIII. Diseases of the ear and mastoid process,VIII. Ear Diseases,#dbdb8d
842,H82 Vertiginous syndromes in diseases classified elsewhere,2.0,VIII. Diseases of the ear and mastoid process,VIII. Ear Diseases,#dbdb8d
843,H83 Other diseases of inner ear,9702.0,VIII. Diseases of the ear and mastoid process,VIII. Ear Diseases,#dbdb8d
844,H90 Conductive and sensorineural hearing loss,6494.0,VIII. Diseases of the ear and mastoid process,VIII. Ear Diseases,#dbdb8d
845,H91 Other hearing loss,13549.0,VIII. Diseases of the ear and mastoid process,VIII. Ear Diseases,#dbdb8d
846,H92 Otalgia and effusion of ear,13100.0,VIII. Diseases of the ear and mastoid process,VIII. Ear Diseases,#dbdb8d
847,"H93 Other disorders of ear, not elsewhere classified",11510.0,VIII. Diseases of the ear and mastoid process,VIII. Ear Diseases,#dbdb8d
848,H94 Other disorders of ear in diseases classified elsewhere,11.0,VIII. Diseases of the ear and mastoid process,VIII. Ear Diseases,#dbdb8d
849,"H95 Postprocedural disorders of ear and mastoid process, not elsewhere classified",138.0,VIII. Diseases of the ear and mastoid process,VIII. Ear Diseases,#dbdb8d
850,I00 Rheumatic fever without mention of heart involvement,1248.0,IX. Diseases of the circulatory system,IX. Circulatory Diseases,#d62728
851,I01 Rheumatic fever with heart involvement,24.0,IX. Diseases of the circulatory system,IX. Circulatory Diseases,#d62728
852,I02 Rheumatic chorea,23.0,IX. Diseases of the circulatory system,IX. Circulatory Diseases,#d62728
853,I05 Rheumatic mitral valve diseases,618.0,IX. Diseases of the circulatory system,IX. Circulatory Diseases,#d62728
854,I06 Rheumatic aortic valve diseases,84.0,IX. Diseases of the circulatory system,IX. Circulatory Diseases,#d62728
855,I07 Rheumatic tricuspid valve diseases,1119.0,IX. Diseases of the circulatory system,IX. Circulatory Diseases,#d62728
856,I08 Multiple valve diseases,4813.0,IX. Diseases of the circulatory system,IX. Circulatory Diseases,#d62728
857,I09 Other rheumatic heart diseases,100.0,IX. Diseases of the circulatory system,IX. Circulatory Diseases,#d62728
858,I10 Essential primary hypertension,121844.0,IX. Diseases of the circulatory system,IX. Circulatory Diseases,#d62728
859,I11 Hypertensive heart disease,543.0,IX. Diseases of the circulatory system,IX. Circulatory Diseases,#d62728
860,I12 Hypertensive renal disease,1770.0,IX. Diseases of the circulatory system,IX. Circulatory Diseases,#d62728
861,I13 Hypertensive heart and renal disease,87.0,IX. Diseases of the circulatory system,IX. Circulatory Diseases,#d62728
862,I15 Secondary hypertension,215.0,IX. Diseases of the circulatory system,IX. Circulatory Diseases,#d62728
863,I20 Angina pectoris,28131.0,IX. Diseases of the circulatory system,IX. Circulatory Diseases,#d62728
864,I21 Acute myocardial infarction,17162.0,IX. Diseases of the circulatory system,IX. Circulatory Diseases,#d62728
865,I22 Subsequent myocardial infarction,751.0,IX. Diseases of the circulatory system,IX. Circulatory Diseases,#d62728
866,I23 Certain current complications following acute myocardial infarction,70.0,IX. Diseases of the circulatory system,IX. Circulatory Diseases,#d62728
867,I24 Other acute ischaemic heart diseases,3436.0,IX. Diseases of the circulatory system,IX. Circulatory Diseases,#d62728
868,I25 Chronic ischaemic heart disease,37719.0,IX. Diseases of the circulatory system,IX. Circulatory Diseases,#d62728
869,I26 Pulmonary embolism,8450.0,IX. Diseases of the circulatory system,IX. Circulatory Diseases,#d62728
870,I27 Other pulmonary heart diseases,1941.0,IX. Diseases of the circulatory system,IX. Circulatory Diseases,#d62728
871,I28 Other diseases of pulmonary vessels,102.0,IX. Diseases of the circulatory system,IX. Circulatory Diseases,#d62728
872,I30 Acute pericarditis,513.0,IX. Diseases of the circulatory system,IX. Circulatory Diseases,#d62728
873,I31 Other diseases of pericardium,2375.0,IX. Diseases of the circulatory system,IX. Circulatory Diseases,#d62728
874,I32 Pericarditis in diseases classified elsewhere,13.0,IX. Diseases of the circulatory system,IX. Circulatory Diseases,#d62728
875,I33 Acute and subacute endocarditis,411.0,IX. Diseases of the circulatory system,IX. Circulatory Diseases,#d62728
876,I34 Nonrheumatic mitral valve disorders,5101.0,IX. Diseases of the circulatory system,IX. Circulatory Diseases,#d62728
877,I35 Nonrheumatic aortic valve disorders,5593.0,IX. Diseases of the circulatory system,IX. Circulatory Diseases,#d62728
878,I36 Nonrheumatic tricuspid valve disorders,340.0,IX. Diseases of the circulatory system,IX. Circulatory Diseases,#d62728
879,I37 Pulmonary valve disorders,429.0,IX. Diseases of the circulatory system,IX. Circulatory Diseases,#d62728
880,"I38 Endocarditis, valve unspecified",754.0,IX. Diseases of the circulatory system,IX. Circulatory Diseases,#d62728
881,I39 Endocarditis and heart valve disorders in diseases classified elsewhere,9.0,IX. Diseases of the circulatory system,IX. Circulatory Diseases,#d62728
882,I40 Acute myocarditis,60.0,IX. Diseases of the circulatory system,IX. Circulatory Diseases,#d62728
883,I41 Myocarditis in diseases classified elsewhere,8.0,IX. Diseases of the circulatory system,IX. Circulatory Diseases,#d62728
884,I42 Cardiomyopathy,2520.0,IX. Diseases of the circulatory system,IX. Circulatory Diseases,#d62728
885,I43 Cardiomyopathy in diseases classified elsewhere,85.0,IX. Diseases of the circulatory system,IX. Circulatory Diseases,#d62728
886,I44 Atrioventricular and left bundle-branch block,8252.0,IX. Diseases of the circulatory system,IX. Circulatory Diseases,#d62728
887,I45 Other conduction disorders,5220.0,IX. Diseases of the circulatory system,IX. Circulatory Diseases,#d62728
888,I46 Cardiac arrest,2053.0,IX. Diseases of the circulatory system,IX. Circulatory Diseases,#d62728
889,I47 Paroxysmal tachycardia,5902.0,IX. Diseases of the circulatory system,IX. Circulatory Diseases,#d62728
890,I48 Atrial fibrillation and flutter,26754.0,IX. Diseases of the circulatory system,IX. Circulatory Diseases,#d62728
891,I49 Other cardiac arrhythmias,9073.0,IX. Diseases of the circulatory system,IX. Circulatory Diseases,#d62728
892,I50 Heart failure,12273.0,IX. Diseases of the circulatory system,IX. Circulatory Diseases,#d62728
893,I51 Complications and ill-defined descriptions of heart disease,11738.0,IX. Diseases of the circulatory system,IX. Circulatory Diseases,#d62728
894,I52 Other heart disorders in diseases classified elsewhere,3.0,IX. Diseases of the circulatory system,IX. Circulatory Diseases,#d62728
895,I60 Subarachnoid haemorrhage,1444.0,IX. Diseases of the circulatory system,IX. Circulatory Diseases,#d62728
896,I61 Intracerebral haemorrhage,1515.0,IX. Diseases of the circulatory system,IX. Circulatory Diseases,#d62728
897,I62 Other nontraumatic intracranial haemorrhage,810.0,IX. Diseases of the circulatory system,IX. Circulatory Diseases,#d62728
898,I63 Cerebral infarction,6548.0,IX. Diseases of the circulatory system,IX. Circulatory Diseases,#d62728
899,"I64 Stroke, not specified as haemorrhage or infarction",7259.0,IX. Diseases of the circulatory system,IX. Circulatory Diseases,#d62728
900,"I65 Occlusion and stenosis of precerebral arteries, not resulting in cerebral infarction",1932.0,IX. Diseases of the circulatory system,IX. Circulatory Diseases,#d62728
901,"I66 Occlusion and stenosis of cerebral arteries, not resulting in cerebral infarction",148.0,IX. Diseases of the circulatory system,IX. Circulatory Diseases,#d62728
902,I67 Other cerebrovascular diseases,6667.0,IX. Diseases of the circulatory system,IX. Circulatory Diseases,#d62728
903,I68 Cerebrovascular disorders in diseases classified elsewhere,98.0,IX. Diseases of the circulatory system,IX. Circulatory Diseases,#d62728
904,I69 Sequelae of cerebrovascular disease,2368.0,IX. Diseases of the circulatory system,IX. Circulatory Diseases,#d62728
905,I70 Atherosclerosis,2545.0,IX. Diseases of the circulatory system,IX. Circulatory Diseases,#d62728
906,I71 Aortic aneurysm and dissection,3186.0,IX. Diseases of the circulatory system,IX. Circulatory Diseases,#d62728
907,I72 Other aneurysm,1085.0,IX. Diseases of the circulatory system,IX. Circulatory Diseases,#d62728
908,I73 Other peripheral vascular diseases,10044.0,IX. Diseases of the circulatory system,IX. Circulatory Diseases,#d62728
909,I74 Arterial embolism and thrombosis,1539.0,IX. Diseases of the circulatory system,IX. Circulatory Diseases,#d62728
910,I77 Other disorders of arteries and arterioles,2501.0,IX. Diseases of the circulatory system,IX. Circulatory Diseases,#d62728
911,I78 Diseases of capillaries,2287.0,IX. Diseases of the circulatory system,IX. Circulatory Diseases,#d62728
912,"I79 Disorders of arteries, arterioles and capillaries in diseases classified elsewhere",130.0,IX. Diseases of the circulatory system,IX. Circulatory Diseases,#d62728
913,I80 Phlebitis and thrombophlebitis,14550.0,IX. Diseases of the circulatory system,IX. Circulatory Diseases,#d62728
914,I81 Portal vein thrombosis,321.0,IX. Diseases of the circulatory system,IX. Circulatory Diseases,#d62728
915,I82 Other venous embolism and thrombosis,971.0,IX. Diseases of the circulatory system,IX. Circulatory Diseases,#d62728
916,I83 Varicose veins of lower extremities,19156.0,IX. Diseases of the circulatory system,IX. Circulatory Diseases,#d62728
917,I84 Haemorrhoids,25572.0,IX. Diseases of the circulatory system,IX. Circulatory Diseases,#d62728
918,I85 Oesophageal varices,895.0,IX. Diseases of the circulatory system,IX. Circulatory Diseases,#d62728
919,I86 Varicose veins of other sites,1763.0,IX. Diseases of the circulatory system,IX. Circulatory Diseases,#d62728
920,I87 Other disorders of veins,1498.0,IX. Diseases of the circulatory system,IX. Circulatory Diseases,#d62728
921,I88 Nonspecific lymphadenitis,375.0,IX. Diseases of the circulatory system,IX. Circulatory Diseases,#d62728
922,I89 Other non-infective disorders of lymphatic vessels and lymph nodes,2065.0,IX. Diseases of the circulatory system,IX. Circulatory Diseases,#d62728
923,I95 Hypotension,13253.0,IX. Diseases of the circulatory system,IX. Circulatory Diseases,#d62728
924,"I97 Postprocedural disorders of circulatory system, not elsewhere classified",310.0,IX. Diseases of the circulatory system,IX. Circulatory Diseases,#d62728
925,I98 Other disorders of circulatory system in diseases classified elsewhere,439.0,IX. Diseases of the circulatory system,IX. Circulatory Diseases,#d62728
926,I99 Other and unspecified disorders of circulatory system,464.0,IX. Diseases of the circulatory system,IX. Circulatory Diseases,#d62728
927,J00 Acute nasopharyngitis [common cold],4438.0,X. Diseases of the respiratory system,X. Respiratory Diseases,#17becf
928,J01 Acute sinusitis,19711.0,X. Diseases of the respiratory system,X. Respiratory Diseases,#17becf
929,J02 Acute pharyngitis,19269.0,X. Diseases of the respiratory system,X. Respiratory Diseases,#17becf
930,J03 Acute tonsillitis,13235.0,X. Diseases of the respiratory system,X. Respiratory Diseases,#17becf
931,J04 Acute laryngitis and tracheitis,3656.0,X. Diseases of the respiratory system,X. Respiratory Diseases,#17becf
932,J05 Acute obstructive laryngitis [croup] and epiglottitis,137.0,X. Diseases of the respiratory system,X. Respiratory Diseases,#17becf
933,J06 Acute upper respiratory infections of multiple and unspecified sites,41759.0,X. Diseases of the respiratory system,X. Respiratory Diseases,#17becf
934,J09 Influenza due to certain identified influenza virus,21.0,X. Diseases of the respiratory system,X. Respiratory Diseases,#17becf
935,J10 Influenza due to identified influenza virus,1252.0,X. Diseases of the respiratory system,X. Respiratory Diseases,#17becf
936,"J11 Influenza, virus not identified",8880.0,X. Diseases of the respiratory system,X. Respiratory Diseases,#17becf
937,"J12 Viral pneumonia, not elsewhere classified",710.0,X. Diseases of the respiratory system,X. Respiratory Diseases,#17becf
938,J13 Pneumonia due to streptococcus pneumoniae,844.0,X. Diseases of the respiratory system,X. Respiratory Diseases,#17becf
939,J14 Pneumonia due to haemophilus influenzae,181.0,X. Diseases of the respiratory system,X. Respiratory Diseases,#17becf
940,"J15 Bacterial pneumonia, not elsewhere classified",1096.0,X. Diseases of the respiratory system,X. Respiratory Diseases,#17becf
941,"J16 Pneumonia due to other infectious organisms, not elsewhere classified",83.0,X. Diseases of the respiratory system,X. Respiratory Diseases,#17becf
942,J17 Pneumonia in diseases classified elsewhere,273.0,X. Diseases of the respiratory system,X. Respiratory Diseases,#17becf
943,"J18 Pneumonia, organism unspecified",25641.0,X. Diseases of the respiratory system,X. Respiratory Diseases,#17becf
944,J20 Acute bronchitis,4413.0,X. Diseases of the respiratory system,X. Respiratory Diseases,#17becf
945,J21 Acute bronchiolitis,128.0,X. Diseases of the respiratory system,X. Respiratory Diseases,#17becf
946,J22 Unspecified acute lower respiratory infection,50475.0,X. Diseases of the respiratory system,X. Respiratory Diseases,#17becf
947,J30 Vasomotor and allergic rhinitis,39299.0,X. Diseases of the respiratory system,X. Respiratory Diseases,#17becf
948,"J31 Chronic rhinitis, nasopharyngitis and pharyngitis",5563.0,X. Diseases of the respiratory system,X. Respiratory Diseases,#17becf
949,J32 Chronic sinusitis,10710.0,X. Diseases of the respiratory system,X. Respiratory Diseases,#17becf
950,J33 Nasal polyp,6118.0,X. Diseases of the respiratory system,X. Respiratory Diseases,#17becf
951,J34 Other disorders of nose and nasal sinuses,14219.0,X. Diseases of the respiratory system,X. Respiratory Diseases,#17becf
952,J35 Chronic diseases of tonsils and adenoids,1510.0,X. Diseases of the respiratory system,X. Respiratory Diseases,#17becf
953,J36 Peritonsillar abscess,746.0,X. Diseases of the respiratory system,X. Respiratory Diseases,#17becf
954,J37 Chronic laryngitis and laryngotracheitis,476.0,X. Diseases of the respiratory system,X. Respiratory Diseases,#17becf
955,"J38 Diseases of vocal cords and larynx, not elsewhere classified",2873.0,X. Diseases of the respiratory system,X. Respiratory Diseases,#17becf
956,J39 Other diseases of upper respiratory tract,1500.0,X. Diseases of the respiratory system,X. Respiratory Diseases,#17becf
957,"J40 Bronchitis, not specified as acute or chronic",7687.0,X. Diseases of the respiratory system,X. Respiratory Diseases,#17becf
958,J41 Simple and mucopurulent chronic bronchitis,95.0,X. Diseases of the respiratory system,X. Respiratory Diseases,#17becf
959,J42 Unspecified chronic bronchitis,559.0,X. Diseases of the respiratory system,X. Respiratory Diseases,#17becf
960,J43 Emphysema,3676.0,X. Diseases of the respiratory system,X. Respiratory Diseases,#17becf
961,J44 Other chronic obstructive pulmonary disease,16863.0,X. Diseases of the respiratory system,X. Respiratory Diseases,#17becf
962,J45 Asthma,57082.0,X. Diseases of the respiratory system,X. Respiratory Diseases,#17becf
963,J46 Status asthmaticus,438.0,X. Diseases of the respiratory system,X. Respiratory Diseases,#17becf
964,J47 Bronchiectasis,4584.0,X. Diseases of the respiratory system,X. Respiratory Diseases,#17becf
965,J60 Coalworker's pneumoconiosis,42.0,X. Diseases of the respiratory system,X. Respiratory Diseases,#17becf
966,J61 Pneumoconiosis due to asbestos and other mineral fibres,537.0,X. Diseases of the respiratory system,X. Respiratory Diseases,#17becf
967,J62 Pneumoconiosis due to dust containing silica,17.0,X. Diseases of the respiratory system,X. Respiratory Diseases,#17becf
968,J63 Pneumoconiosis due to other inorganic dusts,25.0,X. Diseases of the respiratory system,X. Respiratory Diseases,#17becf
969,J64 Unspecified pneumoconiosis,48.0,X. Diseases of the respiratory system,X. Respiratory Diseases,#17becf
970,J66 Airway disease due to specific organic dust,2.0,X. Diseases of the respiratory system,X. Respiratory Diseases,#17becf
971,J67 Hypersensitivity pneumonitis due to organic dust,192.0,X. Diseases of the respiratory system,X. Respiratory Diseases,#17becf
972,"J68 Respiratory conditions due to inhalation of chemicals, gases, fumes and vapours",27.0,X. Diseases of the respiratory system,X. Respiratory Diseases,#17becf
973,J69 Pneumonitis due to solids and liquids,1997.0,X. Diseases of the respiratory system,X. Respiratory Diseases,#17becf
974,J70 Respiratory conditions due to other external agents,132.0,X. Diseases of the respiratory system,X. Respiratory Diseases,#17becf
975,J80 Adult respiratory distress syndrome,300.0,X. Diseases of the respiratory system,X. Respiratory Diseases,#17becf
976,J81 Pulmonary oedema,981.0,X. Diseases of the respiratory system,X. Respiratory Diseases,#17becf
977,"J82 Pulmonary eosinophilia, not elsewhere classified",160.0,X. Diseases of the respiratory system,X. Respiratory Diseases,#17becf
978,J84 Other interstitial pulmonary diseases,2768.0,X. Diseases of the respiratory system,X. Respiratory Diseases,#17becf
979,J85 Abscess of lung and mediastinum,185.0,X. Diseases of the respiratory system,X. Respiratory Diseases,#17becf
980,J86 Pyothorax,565.0,X. Diseases of the respiratory system,X. Respiratory Diseases,#17becf
981,"J90 Pleural effusion, not elsewhere classified",10870.0,X. Diseases of the respiratory system,X. Respiratory Diseases,#17becf
982,J91 Pleural effusion in conditions classified elsewhere,337.0,X. Diseases of the respiratory system,X. Respiratory Diseases,#17becf
983,J92 Pleural plaque,1863.0,X. Diseases of the respiratory system,X. Respiratory Diseases,#17becf
984,J93 Pneumothorax,2600.0,X. Diseases of the respiratory system,X. Respiratory Diseases,#17becf
985,J94 Other pleural conditions,617.0,X. Diseases of the respiratory system,X. Respiratory Diseases,#17becf
986,"J95 Postprocedural respiratory disorders, not elsewhere classified",584.0,X. Diseases of the respiratory system,X. Respiratory Diseases,#17becf
987,"J96 Respiratory failure, not elsewhere classified",5384.0,X. Diseases of the respiratory system,X. Respiratory Diseases,#17becf
988,J98 Other respiratory disorders,15500.0,X. Diseases of the respiratory system,X. Respiratory Diseases,#17becf
989,J99 Respiratory disorders in diseases classified elsewhere,386.0,X. Diseases of the respiratory system,X. Respiratory Diseases,#17becf
990,K00 Disorders of tooth development and eruption,231.0,XI. Diseases of the digestive system,XI. Digestive Diseases,#8c564b
991,K01 Embedded and impacted teeth,2238.0,XI. Diseases of the digestive system,XI. Digestive Diseases,#8c564b
992,K02 Dental caries,4787.0,XI. Diseases of the digestive system,XI. Digestive Diseases,#8c564b
993,K03 Other diseases of hard tissues of teeth,144.0,XI. Diseases of the digestive system,XI. Digestive Diseases,#8c564b
994,K04 Diseases of pulp and periapical tissues,6683.0,XI. Diseases of the digestive system,XI. Digestive Diseases,#8c564b
995,K05 Gingivitis and periodontal diseases,1672.0,XI. Diseases of the digestive system,XI. Digestive Diseases,#8c564b
996,K06 Other disorders of gingiva and edentulous alveolar ridge,616.0,XI. Diseases of the digestive system,XI. Digestive Diseases,#8c564b
997,K07 Dentofacial anomalies [including malocclusion],2138.0,XI. Diseases of the digestive system,XI. Digestive Diseases,#8c564b
998,K08 Other disorders of teeth and supporting structures,3951.0,XI. Diseases of the digestive system,XI. Digestive Diseases,#8c564b
999,"K09 Cysts of oral region, not elsewhere classified",749.0,XI. Diseases of the digestive system,XI. Digestive Diseases,#8c564b
1000,K10 Other diseases of jaws,1552.0,XI. Diseases of the digestive system,XI. Digestive Diseases,#8c564b
1001,K11 Diseases of salivary glands,2837.0,XI. Diseases of the digestive system,XI. Digestive Diseases,#8c564b
1002,K12 Stomatitis and related lesions,3358.0,XI. Diseases of the digestive system,XI. Digestive Diseases,#8c564b
1003,K13 Other diseases of lip and oral mucosa,6075.0,XI. Diseases of the digestive system,XI. Digestive Diseases,#8c564b
1004,K14 Diseases of tongue,3097.0,XI. Diseases of the digestive system,XI. Digestive Diseases,#8c564b
1005,K20 Oesophagitis,13664.0,XI. Diseases of the digestive system,XI. Digestive Diseases,#8c564b
1006,K21 Gastro-oesophageal reflux disease,57621.0,XI. Diseases of the digestive system,XI. Digestive Diseases,#8c564b
1007,K22 Other diseases of oesophagus,16766.0,XI. Diseases of the digestive system,XI. Digestive Diseases,#8c564b
1008,K23 Disorders of oesophagus in diseases classified elsewhere,82.0,XI. Diseases of the digestive system,XI. Digestive Diseases,#8c564b
1009,K25 Gastric ulcer,9665.0,XI. Diseases of the digestive system,XI. Digestive Diseases,#8c564b
1010,K26 Duodenal ulcer,7601.0,XI. Diseases of the digestive system,XI. Digestive Diseases,#8c564b
1011,"K27 Peptic ulcer, site unspecified",1452.0,XI. Diseases of the digestive system,XI. Digestive Diseases,#8c564b
1012,K28 Gastrojejunal ulcer,91.0,XI. Diseases of the digestive system,XI. Digestive Diseases,#8c564b
1013,K29 Gastritis and duodenitis,46399.0,XI. Diseases of the digestive system,XI. Digestive Diseases,#8c564b
1014,K30 Dyspepsia,15533.0,XI. Diseases of the digestive system,XI. Digestive Diseases,#8c564b
1015,K31 Other diseases of stomach and duodenum,14098.0,XI. Diseases of the digestive system,XI. Digestive Diseases,#8c564b
1016,K35 Acute appendicitis,3931.0,XI. Diseases of the digestive system,XI. Digestive Diseases,#8c564b
1017,K36 Other appendicitis,143.0,XI. Diseases of the digestive system,XI. Digestive Diseases,#8c564b
1018,K37 Unspecified appendicitis,4876.0,XI. Diseases of the digestive system,XI. Digestive Diseases,#8c564b
1019,K38 Other diseases of appendix,439.0,XI. Diseases of the digestive system,XI. Digestive Diseases,#8c564b
1020,K40 Inguinal hernia,24122.0,XI. Diseases of the digestive system,XI. Digestive Diseases,#8c564b
1021,K41 Femoral hernia,1138.0,XI. Diseases of the digestive system,XI. Digestive Diseases,#8c564b
1022,K42 Umbilical hernia,6695.0,XI. Diseases of the digestive system,XI. Digestive Diseases,#8c564b
1023,K43 Ventral hernia,5729.0,XI. Diseases of the digestive system,XI. Digestive Diseases,#8c564b
1024,K44 Diaphragmatic hernia,43118.0,XI. Diseases of the digestive system,XI. Digestive Diseases,#8c564b
1025,K45 Other abdominal hernia,213.0,XI. Diseases of the digestive system,XI. Digestive Diseases,#8c564b
1026,K46 Unspecified abdominal hernia,1762.0,XI. Diseases of the digestive system,XI. Digestive Diseases,#8c564b
1027,K50 Crohn's disease [regional enteritis],2563.0,XI. Diseases of the digestive system,XI. Digestive Diseases,#8c564b
1028,K51 Ulcerative colitis,4931.0,XI. Diseases of the digestive system,XI. Digestive Diseases,#8c564b
1029,K52 Other non-infective gastro-enteritis and colitis,22547.0,XI. Diseases of the digestive system,XI. Digestive Diseases,#8c564b
1030,K55 Vascular disorders of intestine,2225.0,XI. Diseases of the digestive system,XI. Digestive Diseases,#8c564b
1031,K56 Paralytic ileus and intestinal obstruction without hernia,7214.0,XI. Diseases of the digestive system,XI. Digestive Diseases,#8c564b
1032,K57 Diverticular disease of intestine,49461.0,XI. Diseases of the digestive system,XI. Digestive Diseases,#8c564b
1033,K58 Irritable bowel syndrome,27274.0,XI. Diseases of the digestive system,XI. Digestive Diseases,#8c564b
1034,K59 Other functional intestinal disorders,25442.0,XI. Diseases of the digestive system,XI. Digestive Diseases,#8c564b
1035,K60 Fissure and fistula of anal and rectal regions,5449.0,XI. Diseases of the digestive system,XI. Digestive Diseases,#8c564b
1036,K61 Abscess of anal and rectal regions,2479.0,XI. Diseases of the digestive system,XI. Digestive Diseases,#8c564b
1037,K62 Other diseases of anus and rectum,36313.0,XI. Diseases of the digestive system,XI. Digestive Diseases,#8c564b
1038,K63 Other diseases of intestine,26483.0,XI. Diseases of the digestive system,XI. Digestive Diseases,#8c564b
1039,K64 Haemorrhoids and perianal venous thrombosis,35010.0,XI. Diseases of the digestive system,XI. Digestive Diseases,#8c564b
1040,K65 Peritonitis,2733.0,XI. Diseases of the digestive system,XI. Digestive Diseases,#8c564b
1041,K66 Other disorders of peritoneum,6075.0,XI. Diseases of the digestive system,XI. Digestive Diseases,#8c564b
1042,K67 Disorders of peritoneum in infectious diseases classified elsewhere,8.0,XI. Diseases of the digestive system,XI. Digestive Diseases,#8c564b
1043,K70 Alcoholic liver disease,1605.0,XI. Diseases of the digestive system,XI. Digestive Diseases,#8c564b
1044,K71 Toxic liver disease,151.0,XI. Diseases of the digestive system,XI. Digestive Diseases,#8c564b
1045,"K72 Hepatic failure, not elsewhere classified",831.0,XI. Diseases of the digestive system,XI. Digestive Diseases,#8c564b
1046,"K73 Chronic hepatitis, not elsewhere classified",270.0,XI. Diseases of the digestive system,XI. Digestive Diseases,#8c564b
1047,K74 Fibrosis and cirrhosis of liver,1940.0,XI. Diseases of the digestive system,XI. Digestive Diseases,#8c564b
1048,K75 Other inflammatory liver diseases,2044.0,XI. Diseases of the digestive system,XI. Digestive Diseases,#8c564b
1049,K76 Other diseases of liver,10203.0,XI. Diseases of the digestive system,XI. Digestive Diseases,#8c564b
1050,K77 Liver disorders in diseases classified elsewhere,37.0,XI. Diseases of the digestive system,XI. Digestive Diseases,#8c564b
1051,K80 Cholelithiasis,25340.0,XI. Diseases of the digestive system,XI. Digestive Diseases,#8c564b
1052,K81 Cholecystitis,4865.0,XI. Diseases of the digestive system,XI. Digestive Diseases,#8c564b
1053,K82 Other diseases of gallbladder,3164.0,XI. Diseases of the digestive system,XI. Digestive Diseases,#8c564b
1054,K83 Other diseases of biliary tract,3783.0,XI. Diseases of the digestive system,XI. Digestive Diseases,#8c564b
1055,K85 Acute pancreatitis,3407.0,XI. Diseases of the digestive system,XI. Digestive Diseases,#8c564b
1056,K86 Other diseases of pancreas,2343.0,XI. Diseases of the digestive system,XI. Digestive Diseases,#8c564b
1057,"K87 Disorders of gallbladder, biliary tract and pancreas in diseases classified elsewhere",5.0,XI. Diseases of the digestive system,XI. Digestive Diseases,#8c564b
1058,K90 Intestinal malabsorption,3836.0,XI. Diseases of the digestive system,XI. Digestive Diseases,#8c564b
1059,"K91 Postprocedural disorders of digestive system, not elsewhere classified",2547.0,XI. Diseases of the digestive system,XI. Digestive Diseases,#8c564b
1060,K92 Other diseases of digestive system,17549.0,XI. Diseases of the digestive system,XI. Digestive Diseases,#8c564b
1061,K93 Disorders of other digestive organs in diseases classified elsewhere,20.0,XI. Diseases of the digestive system,XI. Digestive Diseases,#8c564b
1062,L00 Staphylococcal scalded skin syndrome,7.0,XII. Diseases of the skin and subcutaneous tissue,XII. Skin Diseases,#c49c94
1063,L01 Impetigo,1161.0,XII. Diseases of the skin and subcutaneous tissue,XII. Skin Diseases,#c49c94
1064,"L02 Cutaneous abscess, furuncle and carbuncle",10129.0,XII. Diseases of the skin and subcutaneous tissue,XII. Skin Diseases,#c49c94
1065,L03 Cellulitis,25550.0,XII. Diseases of the skin and subcutaneous tissue,XII. Skin Diseases,#c49c94
1066,L04 Acute lymphadenitis,623.0,XII. Diseases of the skin and subcutaneous tissue,XII. Skin Diseases,#c49c94
1067,L05 Pilonidal cyst,1251.0,XII. Diseases of the skin and subcutaneous tissue,XII. Skin Diseases,#c49c94
1068,L08 Other local infections of skin and subcutaneous tissue,12214.0,XII. Diseases of the skin and subcutaneous tissue,XII. Skin Diseases,#c49c94
1069,L10 Pemphigus,73.0,XII. Diseases of the skin and subcutaneous tissue,XII. Skin Diseases,#c49c94
1070,L11 Other acantholytic disorders,98.0,XII. Diseases of the skin and subcutaneous tissue,XII. Skin Diseases,#c49c94
1071,L12 Pemphigoid,168.0,XII. Diseases of the skin and subcutaneous tissue,XII. Skin Diseases,#c49c94
1072,L13 Other bullous disorders,110.0,XII. Diseases of the skin and subcutaneous tissue,XII. Skin Diseases,#c49c94
1073,L14 Bullous disorders in diseases classified elsewhere,1.0,XII. Diseases of the skin and subcutaneous tissue,XII. Skin Diseases,#c49c94
1074,L20 Atopic dermatitis,11142.0,XII. Diseases of the skin and subcutaneous tissue,XII. Skin Diseases,#c49c94
1075,L21 Seborrhoeic dermatitis,8031.0,XII. Diseases of the skin and subcutaneous tissue,XII. Skin Diseases,#c49c94
1076,L22 Diaper [napkin] dermatitis,50.0,XII. Diseases of the skin and subcutaneous tissue,XII. Skin Diseases,#c49c94
1077,L23 Allergic contact dermatitis,735.0,XII. Diseases of the skin and subcutaneous tissue,XII. Skin Diseases,#c49c94
1078,L24 Irritant contact dermatitis,654.0,XII. Diseases of the skin and subcutaneous tissue,XII. Skin Diseases,#c49c94
1079,L25 Unspecified contact dermatitis,2624.0,XII. Diseases of the skin and subcutaneous tissue,XII. Skin Diseases,#c49c94
1080,L26 Exfoliative dermatitis,16.0,XII. Diseases of the skin and subcutaneous tissue,XII. Skin Diseases,#c49c94
1081,L27 Dermatitis due to substances taken internally,992.0,XII. Diseases of the skin and subcutaneous tissue,XII. Skin Diseases,#c49c94
1082,L28 Lichen simplex chronicus and prurigo,1380.0,XII. Diseases of the skin and subcutaneous tissue,XII. Skin Diseases,#c49c94
1083,L29 Pruritus,10118.0,XII. Diseases of the skin and subcutaneous tissue,XII. Skin Diseases,#c49c94
1084,L30 Other dermatitis,38463.0,XII. Diseases of the skin and subcutaneous tissue,XII. Skin Diseases,#c49c94
1085,L40 Psoriasis,11840.0,XII. Diseases of the skin and subcutaneous tissue,XII. Skin Diseases,#c49c94
1086,L41 Parapsoriasis,103.0,XII. Diseases of the skin and subcutaneous tissue,XII. Skin Diseases,#c49c94
1087,L42 Pityriasis rosea,1304.0,XII. Diseases of the skin and subcutaneous tissue,XII. Skin Diseases,#c49c94
1088,L43 Lichen planus,2070.0,XII. Diseases of the skin and subcutaneous tissue,XII. Skin Diseases,#c49c94
1089,L44 Other papulosquamous disorders,65.0,XII. Diseases of the skin and subcutaneous tissue,XII. Skin Diseases,#c49c94
1090,L50 Urticaria,8861.0,XII. Diseases of the skin and subcutaneous tissue,XII. Skin Diseases,#c49c94
1091,L51 Erythema multiforme,285.0,XII. Diseases of the skin and subcutaneous tissue,XII. Skin Diseases,#c49c94
1092,L52 Erythema nodosum,234.0,XII. Diseases of the skin and subcutaneous tissue,XII. Skin Diseases,#c49c94
1093,L53 Other erythematous conditions,1267.0,XII. Diseases of the skin and subcutaneous tissue,XII. Skin Diseases,#c49c94
1094,L54 Erythema in diseases classified elsewhere,2.0,XII. Diseases of the skin and subcutaneous tissue,XII. Skin Diseases,#c49c94
1095,L55 Sunburn,324.0,XII. Diseases of the skin and subcutaneous tissue,XII. Skin Diseases,#c49c94
1096,L56 Other acute skin changes due to ultraviolet radiation,510.0,XII. Diseases of the skin and subcutaneous tissue,XII. Skin Diseases,#c49c94
1097,L57 Skin changes due to chronic exposure to nonionising radiation,16290.0,XII. Diseases of the skin and subcutaneous tissue,XII. Skin Diseases,#c49c94
1098,L58 Radiodermatitis,21.0,XII. Diseases of the skin and subcutaneous tissue,XII. Skin Diseases,#c49c94
1099,L59 Other disorders of skin and subcutaneous tissue related to radiation,67.0,XII. Diseases of the skin and subcutaneous tissue,XII. Skin Diseases,#c49c94
1100,L60 Nail disorders,9129.0,XII. Diseases of the skin and subcutaneous tissue,XII. Skin Diseases,#c49c94
1101,L62 Nail disorders in diseases classified elsewhere,1.0,XII. Diseases of the skin and subcutaneous tissue,XII. Skin Diseases,#c49c94
1102,L63 Alopecia areata,729.0,XII. Diseases of the skin and subcutaneous tissue,XII. Skin Diseases,#c49c94
1103,L64 Androgenic alopecia,133.0,XII. Diseases of the skin and subcutaneous tissue,XII. Skin Diseases,#c49c94
1104,L65 Other nonscarring hair loss,2680.0,XII. Diseases of the skin and subcutaneous tissue,XII. Skin Diseases,#c49c94
1105,L66 Cicatricial alopecia [scarring hair loss],185.0,XII. Diseases of the skin and subcutaneous tissue,XII. Skin Diseases,#c49c94
1106,L67 Hair colour and hair shaft abnormalities,29.0,XII. Diseases of the skin and subcutaneous tissue,XII. Skin Diseases,#c49c94
1107,L68 Hypertrichosis,430.0,XII. Diseases of the skin and subcutaneous tissue,XII. Skin Diseases,#c49c94
1108,L70 Acne,4624.0,XII. Diseases of the skin and subcutaneous tissue,XII. Skin Diseases,#c49c94
1109,L71 Rosacea,4780.0,XII. Diseases of the skin and subcutaneous tissue,XII. Skin Diseases,#c49c94
1110,L72 Follicular cysts of skin and subcutaneous tissue,12753.0,XII. Diseases of the skin and subcutaneous tissue,XII. Skin Diseases,#c49c94
1111,L73 Other follicular disorders,3035.0,XII. Diseases of the skin and subcutaneous tissue,XII. Skin Diseases,#c49c94
1112,L74 Eccrine sweat disorders,907.0,XII. Diseases of the skin and subcutaneous tissue,XII. Skin Diseases,#c49c94
1113,L75 Apocrine sweat disorders,12.0,XII. Diseases of the skin and subcutaneous tissue,XII. Skin Diseases,#c49c94
1114,L80 Vitiligo,941.0,XII. Diseases of the skin and subcutaneous tissue,XII. Skin Diseases,#c49c94
1115,L81 Other disorders of pigmentation,3784.0,XII. Diseases of the skin and subcutaneous tissue,XII. Skin Diseases,#c49c94
1116,L82 Seborrhoeic keratosis,24615.0,XII. Diseases of the skin and subcutaneous tissue,XII. Skin Diseases,#c49c94
1117,L83 Acanthosis nigricans,160.0,XII. Diseases of the skin and subcutaneous tissue,XII. Skin Diseases,#c49c94
1118,L84 Corns and callosities,3086.0,XII. Diseases of the skin and subcutaneous tissue,XII. Skin Diseases,#c49c94
1119,L85 Other epidermal thickening,3017.0,XII. Diseases of the skin and subcutaneous tissue,XII. Skin Diseases,#c49c94
1120,L86 Keratoderma in diseases classified elsewhere,,XII. Diseases of the skin and subcutaneous tissue,XII. Skin Diseases,#c49c94
1121,L87 Transepidermal elimination disorders,18.0,XII. Diseases of the skin and subcutaneous tissue,XII. Skin Diseases,#c49c94
1122,L88 Pyoderma gangrenosum,67.0,XII. Diseases of the skin and subcutaneous tissue,XII. Skin Diseases,#c49c94
1123,L89 Decubitus ulcer,3328.0,XII. Diseases of the skin and subcutaneous tissue,XII. Skin Diseases,#c49c94
1124,L90 Atrophic disorders of skin,4940.0,XII. Diseases of the skin and subcutaneous tissue,XII. Skin Diseases,#c49c94
1125,L91 Hypertrophic disorders of skin,4166.0,XII. Diseases of the skin and subcutaneous tissue,XII. Skin Diseases,#c49c94
1126,L92 Granulomatous disorders of skin and subcutaneous tissue,1547.0,XII. Diseases of the skin and subcutaneous tissue,XII. Skin Diseases,#c49c94
1127,L93 Lupus erythematosus,402.0,XII. Diseases of the skin and subcutaneous tissue,XII. Skin Diseases,#c49c94
1128,L94 Other localised connective tissue disorders,510.0,XII. Diseases of the skin and subcutaneous tissue,XII. Skin Diseases,#c49c94
1129,"L95 Vasculitis limited to skin, not elsewhere classified",253.0,XII. Diseases of the skin and subcutaneous tissue,XII. Skin Diseases,#c49c94
1130,"L97 Ulcer of lower limb, not elsewhere classified",2563.0,XII. Diseases of the skin and subcutaneous tissue,XII. Skin Diseases,#c49c94
1131,"L98 Other disorders of skin and subcutaneous tissue, not elsewhere classified",37961.0,XII. Diseases of the skin and subcutaneous tissue,XII. Skin Diseases,#c49c94
1132,L99 Other disorders of skin and subcutaneous tissue in diseases classified elsewhere,19.0,XII. Diseases of the skin and subcutaneous tissue,XII. Skin Diseases,#c49c94
1133,M00 Pyogenic arthritis,707.0,XIII. Diseases of the musculoskeletal system and connective tissue,XIII. Musculoskeletal Diseases,#1f77b4
1134,M01 Direct infections of joint in infectious and parasitic diseases classified elsewhere,31.0,XIII. Diseases of the musculoskeletal system and connective tissue,XIII. Musculoskeletal Diseases,#1f77b4
1135,M02 Reactive arthropathies,210.0,XIII. Diseases of the musculoskeletal system and connective tissue,XIII. Musculoskeletal Diseases,#1f77b4
1136,M03 Postinfective and reactive arthropathies in diseases classified elsewhere,9.0,XIII. Diseases of the musculoskeletal system and connective tissue,XIII. Musculoskeletal Diseases,#1f77b4
1137,M05 Seropositive rheumatoid arthritis,988.0,XIII. Diseases of the musculoskeletal system and connective tissue,XIII. Musculoskeletal Diseases,#1f77b4
1138,M06 Other rheumatoid arthritis,9453.0,XIII. Diseases of the musculoskeletal system and connective tissue,XIII. Musculoskeletal Diseases,#1f77b4
1139,M07 Psoriatic and enteropathic arthropathies,1102.0,XIII. Diseases of the musculoskeletal system and connective tissue,XIII. Musculoskeletal Diseases,#1f77b4
1140,M08 Juvenile arthritis,78.0,XIII. Diseases of the musculoskeletal system and connective tissue,XIII. Musculoskeletal Diseases,#1f77b4
1141,M09 Juvenile arthritis in diseases classified elsewhere,2.0,XIII. Diseases of the musculoskeletal system and connective tissue,XIII. Musculoskeletal Diseases,#1f77b4
1142,M10 Gout,15065.0,XIII. Diseases of the musculoskeletal system and connective tissue,XIII. Musculoskeletal Diseases,#1f77b4
1143,M11 Other crystal arthropathies,858.0,XIII. Diseases of the musculoskeletal system and connective tissue,XIII. Musculoskeletal Diseases,#1f77b4
1144,M12 Other specific arthropathies,556.0,XIII. Diseases of the musculoskeletal system and connective tissue,XIII. Musculoskeletal Diseases,#1f77b4
1145,M13 Other arthritis,31930.0,XIII. Diseases of the musculoskeletal system and connective tissue,XIII. Musculoskeletal Diseases,#1f77b4
1146,M14 Arthropathies in other diseases classified elsewhere,230.0,XIII. Diseases of the musculoskeletal system and connective tissue,XIII. Musculoskeletal Diseases,#1f77b4
1147,M15 Polyarthrosis,11039.0,XIII. Diseases of the musculoskeletal system and connective tissue,XIII. Musculoskeletal Diseases,#1f77b4
1148,M16 Coxarthrosis [arthrosis of hip],19626.0,XIII. Diseases of the musculoskeletal system and connective tissue,XIII. Musculoskeletal Diseases,#1f77b4
1149,M17 Gonarthrosis [arthrosis of knee],34174.0,XIII. Diseases of the musculoskeletal system and connective tissue,XIII. Musculoskeletal Diseases,#1f77b4
1150,M18 Arthrosis of first carpometacarpal joint,2126.0,XIII. Diseases of the musculoskeletal system and connective tissue,XIII. Musculoskeletal Diseases,#1f77b4
1151,M19 Other arthrosis,66680.0,XIII. Diseases of the musculoskeletal system and connective tissue,XIII. Musculoskeletal Diseases,#1f77b4
1152,M20 Acquired deformities of fingers and toes,17412.0,XIII. Diseases of the musculoskeletal system and connective tissue,XIII. Musculoskeletal Diseases,#1f77b4
1153,M21 Other acquired deformities of limbs,4201.0,XIII. Diseases of the musculoskeletal system and connective tissue,XIII. Musculoskeletal Diseases,#1f77b4
1154,M22 Disorders of patella,2640.0,XIII. Diseases of the musculoskeletal system and connective tissue,XIII. Musculoskeletal Diseases,#1f77b4
1155,M23 Internal derangement of knee,18597.0,XIII. Diseases of the musculoskeletal system and connective tissue,XIII. Musculoskeletal Diseases,#1f77b4
1156,M24 Other specific joint derangements,4092.0,XIII. Diseases of the musculoskeletal system and connective tissue,XIII. Musculoskeletal Diseases,#1f77b4
1157,"M25 Other joint disorders, not elsewhere classified",72060.0,XIII. Diseases of the musculoskeletal system and connective tissue,XIII. Musculoskeletal Diseases,#1f77b4
1158,M30 Polyarteritis nodosa and related conditions,159.0,XIII. Diseases of the musculoskeletal system and connective tissue,XIII. Musculoskeletal Diseases,#1f77b4
1159,M31 Other necrotising vasculopathies,1435.0,XIII. Diseases of the musculoskeletal system and connective tissue,XIII. Musculoskeletal Diseases,#1f77b4
1160,M32 Systemic lupus erythematosus,833.0,XIII. Diseases of the musculoskeletal system and connective tissue,XIII. Musculoskeletal Diseases,#1f77b4
1161,M33 Dermatopolymyositis,198.0,XIII. Diseases of the musculoskeletal system and connective tissue,XIII. Musculoskeletal Diseases,#1f77b4
1162,M34 Systemic sclerosis,359.0,XIII. Diseases of the musculoskeletal system and connective tissue,XIII. Musculoskeletal Diseases,#1f77b4
1163,M35 Other systemic involvement of connective tissue,5243.0,XIII. Diseases of the musculoskeletal system and connective tissue,XIII. Musculoskeletal Diseases,#1f77b4
1164,M36 Systemic disorders of connective tissue in diseases classified elsewhere,46.0,XIII. Diseases of the musculoskeletal system and connective tissue,XIII. Musculoskeletal Diseases,#1f77b4
1165,M40 Kyphosis and lordosis,700.0,XIII. Diseases of the musculoskeletal system and connective tissue,XIII. Musculoskeletal Diseases,#1f77b4
1166,M41 Scoliosis,3135.0,XIII. Diseases of the musculoskeletal system and connective tissue,XIII. Musculoskeletal Diseases,#1f77b4
1167,M42 Spinal osteochondrosis,140.0,XIII. Diseases of the musculoskeletal system and connective tissue,XIII. Musculoskeletal Diseases,#1f77b4
1168,M43 Other deforming dorsopathies,5062.0,XIII. Diseases of the musculoskeletal system and connective tissue,XIII. Musculoskeletal Diseases,#1f77b4
1169,M45 Ankylosing spondylitis,1675.0,XIII. Diseases of the musculoskeletal system and connective tissue,XIII. Musculoskeletal Diseases,#1f77b4
1170,M46 Other inflammatory spondylopathies,3737.0,XIII. Diseases of the musculoskeletal system and connective tissue,XIII. Musculoskeletal Diseases,#1f77b4
1171,M47 Spondylosis,26736.0,XIII. Diseases of the musculoskeletal system and connective tissue,XIII. Musculoskeletal Diseases,#1f77b4
1172,M48 Other spondylopathies,12178.0,XIII. Diseases of the musculoskeletal system and connective tissue,XIII. Musculoskeletal Diseases,#1f77b4
1173,M49 Spondylopathies in diseases classified elsewhere,257.0,XIII. Diseases of the musculoskeletal system and connective tissue,XIII. Musculoskeletal Diseases,#1f77b4
1174,M50 Cervical disk disorders,3662.0,XIII. Diseases of the musculoskeletal system and connective tissue,XIII. Musculoskeletal Diseases,#1f77b4
1175,M51 Other intervertebral disk disorders,20906.0,XIII. Diseases of the musculoskeletal system and connective tissue,XIII. Musculoskeletal Diseases,#1f77b4
1176,"M53 Other dorsopathies, not elsewhere classified",5169.0,XIII. Diseases of the musculoskeletal system and connective tissue,XIII. Musculoskeletal Diseases,#1f77b4
1177,M54 Dorsalgia,61781.0,XIII. Diseases of the musculoskeletal system and connective tissue,XIII. Musculoskeletal Diseases,#1f77b4
1178,M60 Myositis,439.0,XIII. Diseases of the musculoskeletal system and connective tissue,XIII. Musculoskeletal Diseases,#1f77b4
1179,M61 Calcification and ossification of muscle,70.0,XIII. Diseases of the musculoskeletal system and connective tissue,XIII. Musculoskeletal Diseases,#1f77b4
1180,M62 Other disorders of muscle,3849.0,XIII. Diseases of the musculoskeletal system and connective tissue,XIII. Musculoskeletal Diseases,#1f77b4
1181,M63 Disorders of muscle in diseases classified elsewhere,4.0,XIII. Diseases of the musculoskeletal system and connective tissue,XIII. Musculoskeletal Diseases,#1f77b4
1182,M65 Synovitis and tenosynovitis,15516.0,XIII. Diseases of the musculoskeletal system and connective tissue,XIII. Musculoskeletal Diseases,#1f77b4
1183,M66 Spontaneous rupture of synovium and tendon,1157.0,XIII. Diseases of the musculoskeletal system and connective tissue,XIII. Musculoskeletal Diseases,#1f77b4
1184,M67 Other disorders of synovium and tendon,9643.0,XIII. Diseases of the musculoskeletal system and connective tissue,XIII. Musculoskeletal Diseases,#1f77b4
1185,M68 Disorders of synovium and tendon in diseases classified elsewhere,5.0,XIII. Diseases of the musculoskeletal system and connective tissue,XIII. Musculoskeletal Diseases,#1f77b4
1186,"M70 Soft tissue disorders related to use, overuse and pressure",13353.0,XIII. Diseases of the musculoskeletal system and connective tissue,XIII. Musculoskeletal Diseases,#1f77b4
1187,M71 Other bursopathies,2847.0,XIII. Diseases of the musculoskeletal system and connective tissue,XIII. Musculoskeletal Diseases,#1f77b4
1188,M72 Fibroblastic disorders,19730.0,XIII. Diseases of the musculoskeletal system and connective tissue,XIII. Musculoskeletal Diseases,#1f77b4
1189,M73 Soft tissue disorders in diseases classified elsewhere,,XIII. Diseases of the musculoskeletal system and connective tissue,XIII. Musculoskeletal Diseases,#1f77b4
1190,M75 Shoulder lesions,27499.0,XIII. Diseases of the musculoskeletal system and connective tissue,XIII. Musculoskeletal Diseases,#1f77b4
1191,"M76 Enthesopathies of lower limb, excluding foot",6516.0,XIII. Diseases of the musculoskeletal system and connective tissue,XIII. Musculoskeletal Diseases,#1f77b4
1192,M77 Other enthesopathies,26430.0,XIII. Diseases of the musculoskeletal system and connective tissue,XIII. Musculoskeletal Diseases,#1f77b4
1193,"M79 Other soft tissue disorders, not elsewhere classified",69490.0,XIII. Diseases of the musculoskeletal system and connective tissue,XIII. Musculoskeletal Diseases,#1f77b4
1194,M80 Osteoporosis with pathological fracture,1710.0,XIII. Diseases of the musculoskeletal system and connective tissue,XIII. Musculoskeletal Diseases,#1f77b4
1195,M81 Osteoporosis without pathological fracture,18176.0,XIII. Diseases of the musculoskeletal system and connective tissue,XIII. Musculoskeletal Diseases,#1f77b4
1196,M82 Osteoporosis in diseases classified elsewhere,160.0,XIII. Diseases of the musculoskeletal system and connective tissue,XIII. Musculoskeletal Diseases,#1f77b4
1197,M83 Adult osteomalacia,95.0,XIII. Diseases of the musculoskeletal system and connective tissue,XIII. Musculoskeletal Diseases,#1f77b4
1198,M84 Disorders of continuity of bone,3158.0,XIII. Diseases of the musculoskeletal system and connective tissue,XIII. Musculoskeletal Diseases,#1f77b4
1199,M85 Other disorders of bone density and structure,11618.0,XIII. Diseases of the musculoskeletal system and connective tissue,XIII. Musculoskeletal Diseases,#1f77b4
1200,M86 Osteomyelitis,2093.0,XIII. Diseases of the musculoskeletal system and connective tissue,XIII. Musculoskeletal Diseases,#1f77b4
1201,M87 Osteonecrosis,842.0,XIII. Diseases of the musculoskeletal system and connective tissue,XIII. Musculoskeletal Diseases,#1f77b4
1202,M88 Paget's disease of bone [osteitis deformans],431.0,XIII. Diseases of the musculoskeletal system and connective tissue,XIII. Musculoskeletal Diseases,#1f77b4
1203,M89 Other disorders of bone,4391.0,XIII. Diseases of the musculoskeletal system and connective tissue,XIII. Musculoskeletal Diseases,#1f77b4
1204,M90 Osteopathies in diseases classified elsewhere,641.0,XIII. Diseases of the musculoskeletal system and connective tissue,XIII. Musculoskeletal Diseases,#1f77b4
1205,M91 Juvenile osteochondrosis of hip and pelvis,167.0,XIII. Diseases of the musculoskeletal system and connective tissue,XIII. Musculoskeletal Diseases,#1f77b4
1206,M92 Other juvenile osteochondrosis,550.0,XIII. Diseases of the musculoskeletal system and connective tissue,XIII. Musculoskeletal Diseases,#1f77b4
1207,M93 Other osteochondropathies,696.0,XIII. Diseases of the musculoskeletal system and connective tissue,XIII. Musculoskeletal Diseases,#1f77b4
1208,M94 Other disorders of cartilage,2256.0,XIII. Diseases of the musculoskeletal system and connective tissue,XIII. Musculoskeletal Diseases,#1f77b4
1209,M95 Other acquired deformities of musculoskeletal system and connective tissue,1810.0,XIII. Diseases of the musculoskeletal system and connective tissue,XIII. Musculoskeletal Diseases,#1f77b4
1210,"M96 Postprocedural musculoskeletal disorders, not elsewhere classified",818.0,XIII. Diseases of the musculoskeletal system and connective tissue,XIII. Musculoskeletal Diseases,#1f77b4
1211,"M99 Biomechanical lesions, not elsewhere classified",373.0,XIII. Diseases of the musculoskeletal system and connective tissue,XIII. Musculoskeletal Diseases,#1f77b4
1212,N00 Acute nephritic syndrome,227.0,XIV. Diseases of the genitourinary system,XIV. Genitourinary Diseases,#ffbb78
1213,N01 Rapidly progressive nephritic syndrome,12.0,XIV. Diseases of the genitourinary system,XIV. Genitourinary Diseases,#ffbb78
1214,N02 Recurrent and persistent haematuria,1183.0,XIV. Diseases of the genitourinary system,XIV. Genitourinary Diseases,#ffbb78
1215,N03 Chronic nephritic syndrome,1025.0,XIV. Diseases of the genitourinary system,XIV. Genitourinary Diseases,#ffbb78
1216,N04 Nephrotic syndrome,326.0,XIV. Diseases of the genitourinary system,XIV. Genitourinary Diseases,#ffbb78
1217,N05 Unspecified nephritic syndrome,616.0,XIV. Diseases of the genitourinary system,XIV. Genitourinary Diseases,#ffbb78
1218,N06 Isolated proteinuria with specified morphological lesion,16.0,XIV. Diseases of the genitourinary system,XIV. Genitourinary Diseases,#ffbb78
1219,"N07 Hereditary nephropathy, not elsewhere classified",11.0,XIV. Diseases of the genitourinary system,XIV. Genitourinary Diseases,#ffbb78
1220,N08 Glomerular disorders in diseases classified elsewhere,819.0,XIV. Diseases of the genitourinary system,XIV. Genitourinary Diseases,#ffbb78
1221,N10 Acute tubulo-interstitial nephritis,1265.0,XIV. Diseases of the genitourinary system,XIV. Genitourinary Diseases,#ffbb78
1222,N11 Chronic tubulo-interstitial nephritis,270.0,XIV. Diseases of the genitourinary system,XIV. Genitourinary Diseases,#ffbb78
1223,"N12 Tubulo-interstitial nephritis, not specified as acute or chronic",1968.0,XIV. Diseases of the genitourinary system,XIV. Genitourinary Diseases,#ffbb78
1224,N13 Obstructive and reflux uropathy,4987.0,XIV. Diseases of the genitourinary system,XIV. Genitourinary Diseases,#ffbb78
1225,N14 Drug- and heavy-metal-induced tubulo-interstitial and tubular conditions,67.0,XIV. Diseases of the genitourinary system,XIV. Genitourinary Diseases,#ffbb78
1226,N15 Other renal tubulo-interstitial diseases,173.0,XIV. Diseases of the genitourinary system,XIV. Genitourinary Diseases,#ffbb78
1227,N16 Renal tubulo-interstitial disorders in diseases classified elsewhere,48.0,XIV. Diseases of the genitourinary system,XIV. Genitourinary Diseases,#ffbb78
1228,N17 Acute renal failure,14126.0,XIV. Diseases of the genitourinary system,XIV. Genitourinary Diseases,#ffbb78
1229,N18 Chronic renal failure,19401.0,XIV. Diseases of the genitourinary system,XIV. Genitourinary Diseases,#ffbb78
1230,N19 Unspecified renal failure,2751.0,XIV. Diseases of the genitourinary system,XIV. Genitourinary Diseases,#ffbb78
1231,N20 Calculus of kidney and ureter,7187.0,XIV. Diseases of the genitourinary system,XIV. Genitourinary Diseases,#ffbb78
1232,N21 Calculus of lower urinary tract,1268.0,XIV. Diseases of the genitourinary system,XIV. Genitourinary Diseases,#ffbb78
1233,N22 Calculus of urinary tract in diseases classified elsewhere,,XIV. Diseases of the genitourinary system,XIV. Genitourinary Diseases,#ffbb78
1234,N23 Unspecified renal colic,4526.0,XIV. Diseases of the genitourinary system,XIV. Genitourinary Diseases,#ffbb78
1235,N25 Disorders resulting from impaired renal tubular function,189.0,XIV. Diseases of the genitourinary system,XIV. Genitourinary Diseases,#ffbb78
1236,N26 Unspecified contracted kidney,291.0,XIV. Diseases of the genitourinary system,XIV. Genitourinary Diseases,#ffbb78
1237,N27 Small kidney of unknown cause,114.0,XIV. Diseases of the genitourinary system,XIV. Genitourinary Diseases,#ffbb78
1238,"N28 Other disorders of kidney and ureter, not elsewhere classified",7088.0,XIV. Diseases of the genitourinary system,XIV. Genitourinary Diseases,#ffbb78
1239,N29 Other disorders of kidney and ureter in diseases classified elsewhere,36.0,XIV. Diseases of the genitourinary system,XIV. Genitourinary Diseases,#ffbb78
1240,N30 Cystitis,14539.0,XIV. Diseases of the genitourinary system,XIV. Genitourinary Diseases,#ffbb78
1241,"N31 Neuromuscular dysfunction of bladder, not elsewhere classified",4036.0,XIV. Diseases of the genitourinary system,XIV. Genitourinary Diseases,#ffbb78
1242,N32 Other disorders of bladder,15631.0,XIV. Diseases of the genitourinary system,XIV. Genitourinary Diseases,#ffbb78
1243,N33 Bladder disorders in diseases classified elsewhere,7.0,XIV. Diseases of the genitourinary system,XIV. Genitourinary Diseases,#ffbb78
1244,N34 Urethritis and urethral syndrome,908.0,XIV. Diseases of the genitourinary system,XIV. Genitourinary Diseases,#ffbb78
1245,N35 Urethral stricture,4509.0,XIV. Diseases of the genitourinary system,XIV. Genitourinary Diseases,#ffbb78
1246,N36 Other disorders of urethra,1293.0,XIV. Diseases of the genitourinary system,XIV. Genitourinary Diseases,#ffbb78
1247,N37 Urethral disorders in diseases classified elsewhere,5.0,XIV. Diseases of the genitourinary system,XIV. Genitourinary Diseases,#ffbb78
1248,N39 Other disorders of urinary system,41174.0,XIV. Diseases of the genitourinary system,XIV. Genitourinary Diseases,#ffbb78
1249,N40 Hyperplasia of prostate,25062.0,XIV. Diseases of the genitourinary system,XIV. Genitourinary Diseases,#ffbb78
1250,N41 Inflammatory diseases of prostate,3685.0,XIV. Diseases of the genitourinary system,XIV. Genitourinary Diseases,#ffbb78
1251,N42 Other disorders of prostate,2665.0,XIV. Diseases of the genitourinary system,XIV. Genitourinary Diseases,#ffbb78
1252,N43 Hydrocele and spermatocele,2117.0,XIV. Diseases of the genitourinary system,XIV. Genitourinary Diseases,#ffbb78
1253,N44 Torsion of testis,194.0,XIV. Diseases of the genitourinary system,XIV. Genitourinary Diseases,#ffbb78
1254,N45 Orchitis and epididymitis,2378.0,XIV. Diseases of the genitourinary system,XIV. Genitourinary Diseases,#ffbb78
1255,N46 Male infertility,479.0,XIV. Diseases of the genitourinary system,XIV. Genitourinary Diseases,#ffbb78
1256,"N47 Redundant prepuce, phimosis and paraphimosis",3074.0,XIV. Diseases of the genitourinary system,XIV. Genitourinary Diseases,#ffbb78
1257,N48 Other disorders of penis,5545.0,XIV. Diseases of the genitourinary system,XIV. Genitourinary Diseases,#ffbb78
1258,"N49 Inflammatory disorders of male genital organs, not elsewhere classified",393.0,XIV. Diseases of the genitourinary system,XIV. Genitourinary Diseases,#ffbb78
1259,N50 Other disorders of male genital organs,9385.0,XIV. Diseases of the genitourinary system,XIV. Genitourinary Diseases,#ffbb78
1260,N51 Disorders of male genital organs in diseases classified elsewhere,37.0,XIV. Diseases of the genitourinary system,XIV. Genitourinary Diseases,#ffbb78
1261,N60 Benign mammary dysplasia,9889.0,XIV. Diseases of the genitourinary system,XIV. Genitourinary Diseases,#ffbb78
1262,N61 Inflammatory disorders of breast,1594.0,XIV. Diseases of the genitourinary system,XIV. Genitourinary Diseases,#ffbb78
1263,N62 Hypertrophy of breast,1713.0,XIV. Diseases of the genitourinary system,XIV. Genitourinary Diseases,#ffbb78
1264,N63 Unspecified lump in breast,12916.0,XIV. Diseases of the genitourinary system,XIV. Genitourinary Diseases,#ffbb78
1265,N64 Other disorders of breast,10857.0,XIV. Diseases of the genitourinary system,XIV. Genitourinary Diseases,#ffbb78
1266,N70 Salpingitis and oophoritis,901.0,XIV. Diseases of the genitourinary system,XIV. Genitourinary Diseases,#ffbb78
1267,"N71 Inflammatory disease of uterus, except cervix",446.0,XIV. Diseases of the genitourinary system,XIV. Genitourinary Diseases,#ffbb78
1268,N72 Inflammatory disease of cervix uteri,1675.0,XIV. Diseases of the genitourinary system,XIV. Genitourinary Diseases,#ffbb78
1269,N73 Other female pelvic inflammatory diseases,4089.0,XIV. Diseases of the genitourinary system,XIV. Genitourinary Diseases,#ffbb78
1270,N74 Female pelvic inflammatory disorders in diseases classified elsewhere,19.0,XIV. Diseases of the genitourinary system,XIV. Genitourinary Diseases,#ffbb78
1271,N75 Diseases of bartholin's gland,1937.0,XIV. Diseases of the genitourinary system,XIV. Genitourinary Diseases,#ffbb78
1272,N76 Other inflammation of vagina and vulva,4124.0,XIV. Diseases of the genitourinary system,XIV. Genitourinary Diseases,#ffbb78
1273,N77 Vulvovaginal ulceration and inflammation in diseases classified elsewhere,344.0,XIV. Diseases of the genitourinary system,XIV. Genitourinary Diseases,#ffbb78
1274,N80 Endometriosis,7914.0,XIV. Diseases of the genitourinary system,XIV. Genitourinary Diseases,#ffbb78
1275,N81 Female genital prolapse,15581.0,XIV. Diseases of the genitourinary system,XIV. Genitourinary Diseases,#ffbb78
1276,N82 Fistulae involving female genital tract,255.0,XIV. Diseases of the genitourinary system,XIV. Genitourinary Diseases,#ffbb78
1277,"N83 Noninflammatory disorders of ovary, fallopian tube and broad ligament",10477.0,XIV. Diseases of the genitourinary system,XIV. Genitourinary Diseases,#ffbb78
1278,N84 Polyp of female genital tract,14674.0,XIV. Diseases of the genitourinary system,XIV. Genitourinary Diseases,#ffbb78
1279,"N85 Other noninflammatory disorders of uterus, except cervix",6791.0,XIV. Diseases of the genitourinary system,XIV. Genitourinary Diseases,#ffbb78
1280,N86 Erosion and ectropion of cervix uteri,1652.0,XIV. Diseases of the genitourinary system,XIV. Genitourinary Diseases,#ffbb78
1281,N87 Dysplasia of cervix uteri,6060.0,XIV. Diseases of the genitourinary system,XIV. Genitourinary Diseases,#ffbb78
1282,N88 Other noninflammatory disorders of cervix uteri,2519.0,XIV. Diseases of the genitourinary system,XIV. Genitourinary Diseases,#ffbb78
1283,N89 Other noninflammatory disorders of vagina,9965.0,XIV. Diseases of the genitourinary system,XIV. Genitourinary Diseases,#ffbb78
1284,N90 Other noninflammatory disorders of vulva and perineum,5257.0,XIV. Diseases of the genitourinary system,XIV. Genitourinary Diseases,#ffbb78
1285,"N91 Absent, scanty and rare menstruation",1967.0,XIV. Diseases of the genitourinary system,XIV. Genitourinary Diseases,#ffbb78
1286,"N92 Excessive, frequent and irregular menstruation",23776.0,XIV. Diseases of the genitourinary system,XIV. Genitourinary Diseases,#ffbb78
1287,N93 Other abnormal uterine and vaginal bleeding,8879.0,XIV. Diseases of the genitourinary system,XIV. Genitourinary Diseases,#ffbb78
1288,N94 Pain and other conditions associated with female genital organs and menstrual cycle,9761.0,XIV. Diseases of the genitourinary system,XIV. Genitourinary Diseases,#ffbb78
1289,N95 Menopausal and other perimenopausal disorders,30233.0,XIV. Diseases of the genitourinary system,XIV. Genitourinary Diseases,#ffbb78
1290,N96 Habitual aborter,26.0,XIV. Diseases of the genitourinary system,XIV. Genitourinary Diseases,#ffbb78
1291,N97 Female infertility,3280.0,XIV. Diseases of the genitourinary system,XIV. Genitourinary Diseases,#ffbb78
1292,N98 Complications associated with artificial fertilisation,51.0,XIV. Diseases of the genitourinary system,XIV. Genitourinary Diseases,#ffbb78
1293,"N99 Postprocedural disorders of genito-urinary system, not elsewhere classified",1471.0,XIV. Diseases of the genitourinary system,XIV. Genitourinary Diseases,#ffbb78
1294,O00 Ectopic pregnancy,824.0,"XV. Pregnancy, childbirth and the puerperium",XV. Pregnancy & Childbirth,#e377c2
1295,O01 Hydatidiform mole,181.0,"XV. Pregnancy, childbirth and the puerperium",XV. Pregnancy & Childbirth,#e377c2
1296,O02 Other abnormal products of conception,1836.0,"XV. Pregnancy, childbirth and the puerperium",XV. Pregnancy & Childbirth,#e377c2
1297,O03 Spontaneous abortion,4640.0,"XV. Pregnancy, childbirth and the puerperium",XV. Pregnancy & Childbirth,#e377c2
1298,O04 Medical abortion,3219.0,"XV. Pregnancy, childbirth and the puerperium",XV. Pregnancy & Childbirth,#e377c2
1299,O05 Other abortion,6.0,"XV. Pregnancy, childbirth and the puerperium",XV. Pregnancy & Childbirth,#e377c2
1300,O06 Unspecified abortion,406.0,"XV. Pregnancy, childbirth and the puerperium",XV. Pregnancy & Childbirth,#e377c2
1301,O07 Failed attempted abortion,21.0,"XV. Pregnancy, childbirth and the puerperium",XV. Pregnancy & Childbirth,#e377c2
1302,O08 Complications following abortion and ectopic and molar pregnancy,70.0,"XV. Pregnancy, childbirth and the puerperium",XV. Pregnancy & Childbirth,#e377c2
1303,"O10 Pre-existing hypertension complicating pregnancy, childbirth and the puerperium",109.0,"XV. Pregnancy, childbirth and the puerperium",XV. Pregnancy & Childbirth,#e377c2
1304,O11 Pre-existing hypertensive disorder with superimposed proteinuria,22.0,"XV. Pregnancy, childbirth and the puerperium",XV. Pregnancy & Childbirth,#e377c2
1305,O12 Gestational [pregnancy-induced] oedema and proteinuria without hypertension,179.0,"XV. Pregnancy, childbirth and the puerperium",XV. Pregnancy & Childbirth,#e377c2
1306,O13 Gestational [pregnancy-induced] hypertension without significant proteinuria,677.0,"XV. Pregnancy, childbirth and the puerperium",XV. Pregnancy & Childbirth,#e377c2
1307,O14 Gestational [pregnancy-induced] hypertension with significant proteinuria,456.0,"XV. Pregnancy, childbirth and the puerperium",XV. Pregnancy & Childbirth,#e377c2
1308,O15 Eclampsia,74.0,"XV. Pregnancy, childbirth and the puerperium",XV. Pregnancy & Childbirth,#e377c2
1309,O16 Unspecified maternal hypertension,689.0,"XV. Pregnancy, childbirth and the puerperium",XV. Pregnancy & Childbirth,#e377c2
1310,O20 Haemorrhage in early pregnancy,1249.0,"XV. Pregnancy, childbirth and the puerperium",XV. Pregnancy & Childbirth,#e377c2
1311,O21 Excessive vomiting in pregnancy,332.0,"XV. Pregnancy, childbirth and the puerperium",XV. Pregnancy & Childbirth,#e377c2
1312,O22 Venous complications in pregnancy,121.0,"XV. Pregnancy, childbirth and the puerperium",XV. Pregnancy & Childbirth,#e377c2
1313,O23 Infections of genito-urinary tract in pregnancy,270.0,"XV. Pregnancy, childbirth and the puerperium",XV. Pregnancy & Childbirth,#e377c2
1314,O24 Diabetes mellitus in pregnancy,623.0,"XV. Pregnancy, childbirth and the puerperium",XV. Pregnancy & Childbirth,#e377c2
1315,O25 Malnutrition in pregnancy,1.0,"XV. Pregnancy, childbirth and the puerperium",XV. Pregnancy & Childbirth,#e377c2
1316,O26 Maternal care for other conditions predominantly related to pregnancy,2008.0,"XV. Pregnancy, childbirth and the puerperium",XV. Pregnancy & Childbirth,#e377c2
1317,O28 Abnormal findings on antenatal screening of mother,123.0,"XV. Pregnancy, childbirth and the puerperium",XV. Pregnancy & Childbirth,#e377c2
1318,O29 Complications of anaesthesia during pregnancy,2.0,"XV. Pregnancy, childbirth and the puerperium",XV. Pregnancy & Childbirth,#e377c2
1319,O30 Multiple gestation,514.0,"XV. Pregnancy, childbirth and the puerperium",XV. Pregnancy & Childbirth,#e377c2
1320,O31 Complications specific to multiple gestation,31.0,"XV. Pregnancy, childbirth and the puerperium",XV. Pregnancy & Childbirth,#e377c2
1321,O32 Maternal care for known or suspected malpresentation of foetus,1262.0,"XV. Pregnancy, childbirth and the puerperium",XV. Pregnancy & Childbirth,#e377c2
1322,O33 Maternal care for known or suspected disproportion,79.0,"XV. Pregnancy, childbirth and the puerperium",XV. Pregnancy & Childbirth,#e377c2
1323,O34 Maternal care for known or suspected abnormality of pelvic organs,1663.0,"XV. Pregnancy, childbirth and the puerperium",XV. Pregnancy & Childbirth,#e377c2
1324,O35 Maternal care for known or suspected foetal abnormality and damage,271.0,"XV. Pregnancy, childbirth and the puerperium",XV. Pregnancy & Childbirth,#e377c2
1325,O36 Maternal care for other known or suspected foetal problems,1993.0,"XV. Pregnancy, childbirth and the puerperium",XV. Pregnancy & Childbirth,#e377c2
1326,O40 Polyhydramnios,123.0,"XV. Pregnancy, childbirth and the puerperium",XV. Pregnancy & Childbirth,#e377c2
1327,O41 Other disorders of amniotic fluid and membranes,262.0,"XV. Pregnancy, childbirth and the puerperium",XV. Pregnancy & Childbirth,#e377c2
1328,O42 Premature rupture of membranes,1145.0,"XV. Pregnancy, childbirth and the puerperium",XV. Pregnancy & Childbirth,#e377c2
1329,O43 Placental disorders,247.0,"XV. Pregnancy, childbirth and the puerperium",XV. Pregnancy & Childbirth,#e377c2
1330,O44 Placenta praevia,207.0,"XV. Pregnancy, childbirth and the puerperium",XV. Pregnancy & Childbirth,#e377c2
1331,O45 Premature separation of placenta [abruptio placentae],49.0,"XV. Pregnancy, childbirth and the puerperium",XV. Pregnancy & Childbirth,#e377c2
1332,"O46 Antepartum haemorrhage, not elsewhere classified",679.0,"XV. Pregnancy, childbirth and the puerperium",XV. Pregnancy & Childbirth,#e377c2
1333,O47 False labour,1103.0,"XV. Pregnancy, childbirth and the puerperium",XV. Pregnancy & Childbirth,#e377c2
1334,O48 Prolonged pregnancy,1176.0,"XV. Pregnancy, childbirth and the puerperium",XV. Pregnancy & Childbirth,#e377c2
1335,O60 Preterm delivery,793.0,"XV. Pregnancy, childbirth and the puerperium",XV. Pregnancy & Childbirth,#e377c2
1336,O61 Failed induction of labour,157.0,"XV. Pregnancy, childbirth and the puerperium",XV. Pregnancy & Childbirth,#e377c2
1337,O62 Abnormalities of forces of labour,449.0,"XV. Pregnancy, childbirth and the puerperium",XV. Pregnancy & Childbirth,#e377c2
1338,O63 Long labour,1948.0,"XV. Pregnancy, childbirth and the puerperium",XV. Pregnancy & Childbirth,#e377c2
1339,O64 Obstructed labour due to malposition and malpresentation of foetus,428.0,"XV. Pregnancy, childbirth and the puerperium",XV. Pregnancy & Childbirth,#e377c2
1340,O65 Obstructed labour due to maternal pelvic abnormality,42.0,"XV. Pregnancy, childbirth and the puerperium",XV. Pregnancy & Childbirth,#e377c2
1341,O66 Other obstructed labour,342.0,"XV. Pregnancy, childbirth and the puerperium",XV. Pregnancy & Childbirth,#e377c2
1342,"O67 Labour and delivery complicated by intrapartum haemorrhage, not elsewhere classified",117.0,"XV. Pregnancy, childbirth and the puerperium",XV. Pregnancy & Childbirth,#e377c2
1343,O68 Labour and delivery complicated by foetal stress [distress],3448.0,"XV. Pregnancy, childbirth and the puerperium",XV. Pregnancy & Childbirth,#e377c2
1344,O69 Labour and delivery complicated by umbilical cord complications,625.0,"XV. Pregnancy, childbirth and the puerperium",XV. Pregnancy & Childbirth,#e377c2
1345,O70 Perineal laceration during delivery,5530.0,"XV. Pregnancy, childbirth and the puerperium",XV. Pregnancy & Childbirth,#e377c2
1346,O71 Other obstetric trauma,236.0,"XV. Pregnancy, childbirth and the puerperium",XV. Pregnancy & Childbirth,#e377c2
1347,O72 Postpartum haemorrhage,1691.0,"XV. Pregnancy, childbirth and the puerperium",XV. Pregnancy & Childbirth,#e377c2
1348,"O73 Retained placenta and membranes, without haemorrhage",240.0,"XV. Pregnancy, childbirth and the puerperium",XV. Pregnancy & Childbirth,#e377c2
1349,O74 Complications of anaesthesia during labour and delivery,27.0,"XV. Pregnancy, childbirth and the puerperium",XV. Pregnancy & Childbirth,#e377c2
1350,"O75 Other complications of labour and delivery, not elsewhere classified",816.0,"XV. Pregnancy, childbirth and the puerperium",XV. Pregnancy & Childbirth,#e377c2
1351,O80 Single spontaneous delivery,12271.0,"XV. Pregnancy, childbirth and the puerperium",XV. Pregnancy & Childbirth,#e377c2
1352,O81 Single delivery by forceps and vacuum extractor,1578.0,"XV. Pregnancy, childbirth and the puerperium",XV. Pregnancy & Childbirth,#e377c2
1353,O82 Single delivery by caesarean section,2292.0,"XV. Pregnancy, childbirth and the puerperium",XV. Pregnancy & Childbirth,#e377c2
1354,O83 Other assisted single delivery,20.0,"XV. Pregnancy, childbirth and the puerperium",XV. Pregnancy & Childbirth,#e377c2
1355,O84 Multiple delivery,29.0,"XV. Pregnancy, childbirth and the puerperium",XV. Pregnancy & Childbirth,#e377c2
1356,O85 Puerperal sepsis,66.0,"XV. Pregnancy, childbirth and the puerperium",XV. Pregnancy & Childbirth,#e377c2
1357,O86 Other puerperal infections,252.0,"XV. Pregnancy, childbirth and the puerperium",XV. Pregnancy & Childbirth,#e377c2
1358,O87 Venous complications in the puerperium,116.0,"XV. Pregnancy, childbirth and the puerperium",XV. Pregnancy & Childbirth,#e377c2
1359,O88 Obstetric embolism,13.0,"XV. Pregnancy, childbirth and the puerperium",XV. Pregnancy & Childbirth,#e377c2
1360,O89 Complications of anaesthesia during the puerperium,24.0,"XV. Pregnancy, childbirth and the puerperium",XV. Pregnancy & Childbirth,#e377c2
1361,"O90 Complications of the puerperium, not elsewhere classified",257.0,"XV. Pregnancy, childbirth and the puerperium",XV. Pregnancy & Childbirth,#e377c2
1362,O91 Infections of breast associated with childbirth,265.0,"XV. Pregnancy, childbirth and the puerperium",XV. Pregnancy & Childbirth,#e377c2
1363,O92 Other disorders of breast and lactation associated with childbirth,174.0,"XV. Pregnancy, childbirth and the puerperium",XV. Pregnancy & Childbirth,#e377c2
1364,"O94 Sequelae of complication of pregnancy, childbirth and the puerperium",6.0,"XV. Pregnancy, childbirth and the puerperium",XV. Pregnancy & Childbirth,#e377c2
1365,O96 Death from any obstetric cause occurring more than 42 days but less than one year after delivery,1.0,"XV. Pregnancy, childbirth and the puerperium",XV. Pregnancy & Childbirth,#e377c2
1366,"O98 Maternal infectious and parasitic diseases classifiable elsewhere but complicating pregnancy, childbirth and the puerperium",72.0,"XV. Pregnancy, childbirth and the puerperium",XV. Pregnancy & Childbirth,#e377c2
1367,"O99 Other maternal diseases classifiable elsewhere but complicating pregnancy, childbirth and the puerperium",2091.0,"XV. Pregnancy, childbirth and the puerperium",XV. Pregnancy & Childbirth,#e377c2
1368,P00 Foetus and newborn affected by maternal conditions that may be unrelated to present pregnancy,6.0,XVI. Certain conditions originating in the perinatal period,XVI. Perinatal Conditions,#f7b6d2
1369,"P02 Foetus and newborn affected by complications of placenta, cord and membranes",7.0,XVI. Certain conditions originating in the perinatal period,XVI. Perinatal Conditions,#f7b6d2
1370,P03 Foetus and newborn affected by other complications of labour and delivery,132.0,XVI. Certain conditions originating in the perinatal period,XVI. Perinatal Conditions,#f7b6d2
1371,P04 Foetus and newborn affected by noxious influences transmitted via placenta or breast milk,1.0,XVI. Certain conditions originating in the perinatal period,XVI. Perinatal Conditions,#f7b6d2
1372,P05 Slow foetal growth and foetal malnutrition,5.0,XVI. Certain conditions originating in the perinatal period,XVI. Perinatal Conditions,#f7b6d2
1373,"P07 Disorders related to short gestation and low birth weight, not elsewhere classified",25.0,XVI. Certain conditions originating in the perinatal period,XVI. Perinatal Conditions,#f7b6d2
1374,P08 Disorders related to long gestation and high birth weight,8.0,XVI. Certain conditions originating in the perinatal period,XVI. Perinatal Conditions,#f7b6d2
1375,P10 Intracranial laceration and haemorrhage due to birth injury,2.0,XVI. Certain conditions originating in the perinatal period,XVI. Perinatal Conditions,#f7b6d2
1376,P11 Other birth injuries to central nervous system,4.0,XVI. Certain conditions originating in the perinatal period,XVI. Perinatal Conditions,#f7b6d2
1377,P12 Birth injury to scalp,3.0,XVI. Certain conditions originating in the perinatal period,XVI. Perinatal Conditions,#f7b6d2
1378,P13 Birth injury to skeleton,4.0,XVI. Certain conditions originating in the perinatal period,XVI. Perinatal Conditions,#f7b6d2
1379,P14 Birth injury to peripheral nervous system,16.0,XVI. Certain conditions originating in the perinatal period,XVI. Perinatal Conditions,#f7b6d2
1380,P15 Other birth injuries,13.0,XVI. Certain conditions originating in the perinatal period,XVI. Perinatal Conditions,#f7b6d2
1381,P20 Intra-uterine hypoxia,7.0,XVI. Certain conditions originating in the perinatal period,XVI. Perinatal Conditions,#f7b6d2
1382,P21 Birth asphyxia,2.0,XVI. Certain conditions originating in the perinatal period,XVI. Perinatal Conditions,#f7b6d2
1383,P22 Respiratory distress of newborn,5.0,XVI. Certain conditions originating in the perinatal period,XVI. Perinatal Conditions,#f7b6d2
1384,P23 Congenital pneumonia,1.0,XVI. Certain conditions originating in the perinatal period,XVI. Perinatal Conditions,#f7b6d2
1385,P24 Neonatal aspiration syndromes,2.0,XVI. Certain conditions originating in the perinatal period,XVI. Perinatal Conditions,#f7b6d2
1386,P25 Interstitial emphysema and related conditions originating in the perinatal period,2.0,XVI. Certain conditions originating in the perinatal period,XVI. Perinatal Conditions,#f7b6d2
1387,P26 Pulmonary haemorrhage originating in the perinatal period,1.0,XVI. Certain conditions originating in the perinatal period,XVI. Perinatal Conditions,#f7b6d2
1388,P27 Chronic respiratory disease originating in the perinatal period,1.0,XVI. Certain conditions originating in the perinatal period,XVI. Perinatal Conditions,#f7b6d2
1389,P28 Other respiratory conditions originating in the perinatal period,16.0,XVI. Certain conditions originating in the perinatal period,XVI. Perinatal Conditions,#f7b6d2
1390,P29 Cardiovascular disorders originating in the perinatal period,10.0,XVI. Certain conditions originating in the perinatal period,XVI. Perinatal Conditions,#f7b6d2
1391,P35 Congenital viral diseases,15.0,XVI. Certain conditions originating in the perinatal period,XVI. Perinatal Conditions,#f7b6d2
1392,P36 Bacterial sepsis of newborn,27.0,XVI. Certain conditions originating in the perinatal period,XVI. Perinatal Conditions,#f7b6d2
1393,P37 Other congenital infectious and parasitic diseases,15.0,XVI. Certain conditions originating in the perinatal period,XVI. Perinatal Conditions,#f7b6d2
1394,P38 Omphalitis of newborn with or without mild haemorrhage,17.0,XVI. Certain conditions originating in the perinatal period,XVI. Perinatal Conditions,#f7b6d2
1395,P39 Other infections specific to the perinatal period,13.0,XVI. Certain conditions originating in the perinatal period,XVI. Perinatal Conditions,#f7b6d2
1396,P50 Foetal blood loss,1.0,XVI. Certain conditions originating in the perinatal period,XVI. Perinatal Conditions,#f7b6d2
1397,P51 Umbilical haemorrhage of newborn,6.0,XVI. Certain conditions originating in the perinatal period,XVI. Perinatal Conditions,#f7b6d2
1398,P52 Intracranial nontraumatic haemorrhage of foetus and newborn,1.0,XVI. Certain conditions originating in the perinatal period,XVI. Perinatal Conditions,#f7b6d2
1399,P53 Haemorrhagic disease of foetus and newborn,2.0,XVI. Certain conditions originating in the perinatal period,XVI. Perinatal Conditions,#f7b6d2
1400,P54 Other neonatal haemorrhages,8.0,XVI. Certain conditions originating in the perinatal period,XVI. Perinatal Conditions,#f7b6d2
1401,P55 Haemolytic disease of foetus and newborn,8.0,XVI. Certain conditions originating in the perinatal period,XVI. Perinatal Conditions,#f7b6d2
1402,P58 Neonatal jaundice due to other excessive haemolysis,3.0,XVI. Certain conditions originating in the perinatal period,XVI. Perinatal Conditions,#f7b6d2
1403,P59 Neonatal jaundice from other and unspecified causes,20.0,XVI. Certain conditions originating in the perinatal period,XVI. Perinatal Conditions,#f7b6d2
1404,P61 Other perinatal haematological disorders,4.0,XVI. Certain conditions originating in the perinatal period,XVI. Perinatal Conditions,#f7b6d2
1405,P70 Transitory disorders of carbohydrate metabolism specific to foetus and newborn,2.0,XVI. Certain conditions originating in the perinatal period,XVI. Perinatal Conditions,#f7b6d2
1406,P71 Transitory neonatal disorders of calcium and magnesium metabolism,1.0,XVI. Certain conditions originating in the perinatal period,XVI. Perinatal Conditions,#f7b6d2
1407,P78 Other perinatal digestive system disorders,1.0,XVI. Certain conditions originating in the perinatal period,XVI. Perinatal Conditions,#f7b6d2
1408,P83 Other conditions of integument specific to foetus and newborn,9.0,XVI. Certain conditions originating in the perinatal period,XVI. Perinatal Conditions,#f7b6d2
1409,P91 Other disturbances of cerebral status of newborn,,XVI. Certain conditions originating in the perinatal period,XVI. Perinatal Conditions,#f7b6d2
1410,P92 Feeding problems of newborn,11.0,XVI. Certain conditions originating in the perinatal period,XVI. Perinatal Conditions,#f7b6d2
1411,P94 Disorders of muscle tone of newborn,3.0,XVI. Certain conditions originating in the perinatal period,XVI. Perinatal Conditions,#f7b6d2
1412,P95 Foetal death of unspecified cause,113.0,XVI. Certain conditions originating in the perinatal period,XVI. Perinatal Conditions,#f7b6d2
1413,P96 Other conditions originating in the perinatal period,171.0,XVI. Certain conditions originating in the perinatal period,XVI. Perinatal Conditions,#f7b6d2
1414,Q00 Anencephaly and similar malformations,4.0,"XVII. Congenital malformations, deformations and chromosomal abnormalities",XVII. Congenital Abnormalities,#c5b0d5
1415,Q01 Encephalocele,11.0,"XVII. Congenital malformations, deformations and chromosomal abnormalities",XVII. Congenital Abnormalities,#c5b0d5
1416,Q02 Microcephaly,2.0,"XVII. Congenital malformations, deformations and chromosomal abnormalities",XVII. Congenital Abnormalities,#c5b0d5
1417,Q03 Congenital hydrocephalus,29.0,"XVII. Congenital malformations, deformations and chromosomal abnormalities",XVII. Congenital Abnormalities,#c5b0d5
1418,Q04 Other congenital malformations of brain,71.0,"XVII. Congenital malformations, deformations and chromosomal abnormalities",XVII. Congenital Abnormalities,#c5b0d5
1419,Q05 Spina bifida,311.0,"XVII. Congenital malformations, deformations and chromosomal abnormalities",XVII. Congenital Abnormalities,#c5b0d5
1420,Q06 Other congenital malformations of spinal cord,34.0,"XVII. Congenital malformations, deformations and chromosomal abnormalities",XVII. Congenital Abnormalities,#c5b0d5
1421,Q07 Other congenital malformations of nervous system,129.0,"XVII. Congenital malformations, deformations and chromosomal abnormalities",XVII. Congenital Abnormalities,#c5b0d5
1422,"Q10 Congenital malformations of eyelid, lachrymal apparatus and orbit",122.0,"XVII. Congenital malformations, deformations and chromosomal abnormalities",XVII. Congenital Abnormalities,#c5b0d5
1423,"Q11 Anophthalmos, microphthalmos and macrophthalmos",25.0,"XVII. Congenital malformations, deformations and chromosomal abnormalities",XVII. Congenital Abnormalities,#c5b0d5
1424,Q12 Congenital lens malformations,245.0,"XVII. Congenital malformations, deformations and chromosomal abnormalities",XVII. Congenital Abnormalities,#c5b0d5
1425,Q13 Congenital malformations of anterior segment of eye,49.0,"XVII. Congenital malformations, deformations and chromosomal abnormalities",XVII. Congenital Abnormalities,#c5b0d5
1426,Q14 Congenital malformations of posterior segment of eye,237.0,"XVII. Congenital malformations, deformations and chromosomal abnormalities",XVII. Congenital Abnormalities,#c5b0d5
1427,Q15 Other congenital malformations of eye,45.0,"XVII. Congenital malformations, deformations and chromosomal abnormalities",XVII. Congenital Abnormalities,#c5b0d5
1428,Q16 Congenital malformations of ear causing impairment of hearing,56.0,"XVII. Congenital malformations, deformations and chromosomal abnormalities",XVII. Congenital Abnormalities,#c5b0d5
1429,Q17 Other congenital malformations of ear,110.0,"XVII. Congenital malformations, deformations and chromosomal abnormalities",XVII. Congenital Abnormalities,#c5b0d5
1430,Q18 Other congenital malformations of face and neck,208.0,"XVII. Congenital malformations, deformations and chromosomal abnormalities",XVII. Congenital Abnormalities,#c5b0d5
1431,Q20 Congenital malformations of cardiac chambers and connexions,21.0,"XVII. Congenital malformations, deformations and chromosomal abnormalities",XVII. Congenital Abnormalities,#c5b0d5
1432,Q21 Congenital malformations of cardiac septa,1013.0,"XVII. Congenital malformations, deformations and chromosomal abnormalities",XVII. Congenital Abnormalities,#c5b0d5
1433,Q22 Congenital malformations of pulmonary and tricuspid valves,47.0,"XVII. Congenital malformations, deformations and chromosomal abnormalities",XVII. Congenital Abnormalities,#c5b0d5
1434,Q23 Congenital malformations of aortic and mitral valves,530.0,"XVII. Congenital malformations, deformations and chromosomal abnormalities",XVII. Congenital Abnormalities,#c5b0d5
1435,Q24 Other congenital malformations of heart,334.0,"XVII. Congenital malformations, deformations and chromosomal abnormalities",XVII. Congenital Abnormalities,#c5b0d5
1436,Q25 Congenital malformations of great arteries,217.0,"XVII. Congenital malformations, deformations and chromosomal abnormalities",XVII. Congenital Abnormalities,#c5b0d5
1437,Q26 Congenital malformations of great veins,36.0,"XVII. Congenital malformations, deformations and chromosomal abnormalities",XVII. Congenital Abnormalities,#c5b0d5
1438,Q27 Other congenital malformations of peripheral vascular system,245.0,"XVII. Congenital malformations, deformations and chromosomal abnormalities",XVII. Congenital Abnormalities,#c5b0d5
1439,Q28 Other congenital malformations of circulatory system,195.0,"XVII. Congenital malformations, deformations and chromosomal abnormalities",XVII. Congenital Abnormalities,#c5b0d5
1440,Q30 Congenital malformations of nose,82.0,"XVII. Congenital malformations, deformations and chromosomal abnormalities",XVII. Congenital Abnormalities,#c5b0d5
1441,Q31 Congenital malformations of larynx,52.0,"XVII. Congenital malformations, deformations and chromosomal abnormalities",XVII. Congenital Abnormalities,#c5b0d5
1442,Q32 Congenital malformations of trachea and bronchus,13.0,"XVII. Congenital malformations, deformations and chromosomal abnormalities",XVII. Congenital Abnormalities,#c5b0d5
1443,Q33 Congenital malformations of lung,57.0,"XVII. Congenital malformations, deformations and chromosomal abnormalities",XVII. Congenital Abnormalities,#c5b0d5
1444,Q34 Other congenital malformations of respiratory system,11.0,"XVII. Congenital malformations, deformations and chromosomal abnormalities",XVII. Congenital Abnormalities,#c5b0d5
1445,Q35 Cleft palate,33.0,"XVII. Congenital malformations, deformations and chromosomal abnormalities",XVII. Congenital Abnormalities,#c5b0d5
1446,Q36 Cleft lip,9.0,"XVII. Congenital malformations, deformations and chromosomal abnormalities",XVII. Congenital Abnormalities,#c5b0d5
1447,Q37 Cleft palate with cleft lip,31.0,"XVII. Congenital malformations, deformations and chromosomal abnormalities",XVII. Congenital Abnormalities,#c5b0d5
1448,"Q38 Other congenital malformations of tongue, mouth and pharynx",464.0,"XVII. Congenital malformations, deformations and chromosomal abnormalities",XVII. Congenital Abnormalities,#c5b0d5
1449,Q39 Congenital malformations of oesophagus,198.0,"XVII. Congenital malformations, deformations and chromosomal abnormalities",XVII. Congenital Abnormalities,#c5b0d5
1450,Q40 Other congenital malformations of upper alimentary tract,214.0,"XVII. Congenital malformations, deformations and chromosomal abnormalities",XVII. Congenital Abnormalities,#c5b0d5
1451,"Q41 Congenital absence, atresia and stenosis of small intestine",5.0,"XVII. Congenital malformations, deformations and chromosomal abnormalities",XVII. Congenital Abnormalities,#c5b0d5
1452,"Q42 Congenital absence, atresia and stenosis of large intestine",20.0,"XVII. Congenital malformations, deformations and chromosomal abnormalities",XVII. Congenital Abnormalities,#c5b0d5
1453,Q43 Other congenital malformations of intestine,402.0,"XVII. Congenital malformations, deformations and chromosomal abnormalities",XVII. Congenital Abnormalities,#c5b0d5
1454,"Q44 Congenital malformations of gallbladder, bile ducts and liver",219.0,"XVII. Congenital malformations, deformations and chromosomal abnormalities",XVII. Congenital Abnormalities,#c5b0d5
1455,Q45 Other congenital malformations of digestive system,50.0,"XVII. Congenital malformations, deformations and chromosomal abnormalities",XVII. Congenital Abnormalities,#c5b0d5
1456,"Q50 Congenital malformations of ovaries, fallopian tubes and broad ligaments",251.0,"XVII. Congenital malformations, deformations and chromosomal abnormalities",XVII. Congenital Abnormalities,#c5b0d5
1457,Q51 Congenital malformations of uterus and cervix,279.0,"XVII. Congenital malformations, deformations and chromosomal abnormalities",XVII. Congenital Abnormalities,#c5b0d5
1458,Q52 Other congenital malformations of female genitalia,172.0,"XVII. Congenital malformations, deformations and chromosomal abnormalities",XVII. Congenital Abnormalities,#c5b0d5
1459,Q53 Undescended testicle,475.0,"XVII. Congenital malformations, deformations and chromosomal abnormalities",XVII. Congenital Abnormalities,#c5b0d5
1460,Q54 Hypospadias,206.0,"XVII. Congenital malformations, deformations and chromosomal abnormalities",XVII. Congenital Abnormalities,#c5b0d5
1461,Q55 Other congenital malformations of male genital organs,134.0,"XVII. Congenital malformations, deformations and chromosomal abnormalities",XVII. Congenital Abnormalities,#c5b0d5
1462,Q56 Indeterminate sex and pseudohermaphroditism,2.0,"XVII. Congenital malformations, deformations and chromosomal abnormalities",XVII. Congenital Abnormalities,#c5b0d5
1463,Q60 Renal agenesis and other reduction defects of kidney,269.0,"XVII. Congenital malformations, deformations and chromosomal abnormalities",XVII. Congenital Abnormalities,#c5b0d5
1464,Q61 Cystic kidney disease,800.0,"XVII. Congenital malformations, deformations and chromosomal abnormalities",XVII. Congenital Abnormalities,#c5b0d5
1465,Q62 Congenital obstructive defects of renal pelvis and congenital malformations of ureter,133.0,"XVII. Congenital malformations, deformations and chromosomal abnormalities",XVII. Congenital Abnormalities,#c5b0d5
1466,Q63 Other congenital malformations of kidney,509.0,"XVII. Congenital malformations, deformations and chromosomal abnormalities",XVII. Congenital Abnormalities,#c5b0d5
1467,Q64 Other congenital malformations of urinary system,150.0,"XVII. Congenital malformations, deformations and chromosomal abnormalities",XVII. Congenital Abnormalities,#c5b0d5
1468,Q65 Congenital deformities of hip,261.0,"XVII. Congenital malformations, deformations and chromosomal abnormalities",XVII. Congenital Abnormalities,#c5b0d5
1469,Q66 Congenital deformities of feet,918.0,"XVII. Congenital malformations, deformations and chromosomal abnormalities",XVII. Congenital Abnormalities,#c5b0d5
1470,"Q67 Congenital musculoskeletal deformities of head, face, spine and chest",228.0,"XVII. Congenital malformations, deformations and chromosomal abnormalities",XVII. Congenital Abnormalities,#c5b0d5
1471,Q68 Other congenital musculoskeletal deformities,86.0,"XVII. Congenital malformations, deformations and chromosomal abnormalities",XVII. Congenital Abnormalities,#c5b0d5
1472,Q69 Polydactyly,11.0,"XVII. Congenital malformations, deformations and chromosomal abnormalities",XVII. Congenital Abnormalities,#c5b0d5
1473,Q70 Syndactyly,39.0,"XVII. Congenital malformations, deformations and chromosomal abnormalities",XVII. Congenital Abnormalities,#c5b0d5
1474,Q71 Reduction defects of upper limb,25.0,"XVII. Congenital malformations, deformations and chromosomal abnormalities",XVII. Congenital Abnormalities,#c5b0d5
1475,Q72 Reduction defects of lower limb,39.0,"XVII. Congenital malformations, deformations and chromosomal abnormalities",XVII. Congenital Abnormalities,#c5b0d5
1476,Q73 Reduction defects of unspecified limb,9.0,"XVII. Congenital malformations, deformations and chromosomal abnormalities",XVII. Congenital Abnormalities,#c5b0d5
1477,Q74 Other congenital malformations of limbs,210.0,"XVII. Congenital malformations, deformations and chromosomal abnormalities",XVII. Congenital Abnormalities,#c5b0d5
1478,Q75 Other congenital malformations of skull and face bones,33.0,"XVII. Congenital malformations, deformations and chromosomal abnormalities",XVII. Congenital Abnormalities,#c5b0d5
1479,Q76 Congenital malformations of spine and bony thorax,662.0,"XVII. Congenital malformations, deformations and chromosomal abnormalities",XVII. Congenital Abnormalities,#c5b0d5
1480,Q77 Osteochondrodysplasia with defects of growth of tubular bones and spine,31.0,"XVII. Congenital malformations, deformations and chromosomal abnormalities",XVII. Congenital Abnormalities,#c5b0d5
1481,Q78 Other osteochondrodysplasias,158.0,"XVII. Congenital malformations, deformations and chromosomal abnormalities",XVII. Congenital Abnormalities,#c5b0d5
1482,"Q79 Congenital malformations of musculoskeletal system, not elsewhere classified",250.0,"XVII. Congenital malformations, deformations and chromosomal abnormalities",XVII. Congenital Abnormalities,#c5b0d5
1483,Q80 Congenital ichthyosis,94.0,"XVII. Congenital malformations, deformations and chromosomal abnormalities",XVII. Congenital Abnormalities,#c5b0d5
1484,Q81 Epidermolysis bullosa,25.0,"XVII. Congenital malformations, deformations and chromosomal abnormalities",XVII. Congenital Abnormalities,#c5b0d5
1485,Q82 Other congenital malformations of skin,1305.0,"XVII. Congenital malformations, deformations and chromosomal abnormalities",XVII. Congenital Abnormalities,#c5b0d5
1486,Q83 Congenital malformations of breast,129.0,"XVII. Congenital malformations, deformations and chromosomal abnormalities",XVII. Congenital Abnormalities,#c5b0d5
1487,Q84 Other congenital malformations of integument,91.0,"XVII. Congenital malformations, deformations and chromosomal abnormalities",XVII. Congenital Abnormalities,#c5b0d5
1488,"Q85 Phakomatoses, not elsewhere classified",274.0,"XVII. Congenital malformations, deformations and chromosomal abnormalities",XVII. Congenital Abnormalities,#c5b0d5
1489,"Q86 Congenital malformation syndromes due to known exogenous causes, not elsewhere classified",2.0,"XVII. Congenital malformations, deformations and chromosomal abnormalities",XVII. Congenital Abnormalities,#c5b0d5
1490,Q87 Other specified congenital malformation syndromes affecting multiple systems,242.0,"XVII. Congenital malformations, deformations and chromosomal abnormalities",XVII. Congenital Abnormalities,#c5b0d5
1491,"Q89 Other congenital malformations, not elsewhere classified",310.0,"XVII. Congenital malformations, deformations and chromosomal abnormalities",XVII. Congenital Abnormalities,#c5b0d5
1492,Q90 Down's syndrome,37.0,"XVII. Congenital malformations, deformations and chromosomal abnormalities",XVII. Congenital Abnormalities,#c5b0d5
1493,Q91 Edwards' syndrome and patau's syndrome,11.0,"XVII. Congenital malformations, deformations and chromosomal abnormalities",XVII. Congenital Abnormalities,#c5b0d5
1494,"Q92 Other trisomies and partial trisomies of the autosomes, not elsewhere classified",17.0,"XVII. Congenital malformations, deformations and chromosomal abnormalities",XVII. Congenital Abnormalities,#c5b0d5
1495,"Q93 Monosomies and deletions from the autosomes, not elsewhere classified",13.0,"XVII. Congenital malformations, deformations and chromosomal abnormalities",XVII. Congenital Abnormalities,#c5b0d5
1496,"Q95 Balanced rearrangements and structural markers, not elsewhere classified",4.0,"XVII. Congenital malformations, deformations and chromosomal abnormalities",XVII. Congenital Abnormalities,#c5b0d5
1497,Q96 Turner's syndrome,43.0,"XVII. Congenital malformations, deformations and chromosomal abnormalities",XVII. Congenital Abnormalities,#c5b0d5
1498,"Q97 Other sex chromosome abnormalities, female phenotype, not elsewhere classified",8.0,"XVII. Congenital malformations, deformations and chromosomal abnormalities",XVII. Congenital Abnormalities,#c5b0d5
1499,"Q98 Other sex chromosome abnormalities, male phenotype, not elsewhere classified",59.0,"XVII. Congenital malformations, deformations and chromosomal abnormalities",XVII. Congenital Abnormalities,#c5b0d5
1500,"Q99 Other chromosome abnormalities, not elsewhere classified",50.0,"XVII. Congenital malformations, deformations and chromosomal abnormalities",XVII. Congenital Abnormalities,#c5b0d5
1501,CXX Unknown Cancer,5026.0,II. Neoplasms,II. Neoplasms,#ff7f0e
1502,C00 Malignant neoplasm of lip,29.0,II. Neoplasms,II. Neoplasms,#ff7f0e
1503,C01 Malignant neoplasm of base of tongue,98.0,II. Neoplasms,II. Neoplasms,#ff7f0e
1504,C02 Malignant neoplasm of other and unspecified parts of tongue,146.0,II. Neoplasms,II. Neoplasms,#ff7f0e
1505,C03 Malignant neoplasm of gum,34.0,II. Neoplasms,II. Neoplasms,#ff7f0e
1506,C04 Malignant neoplasm of floor of mouth,38.0,II. Neoplasms,II. Neoplasms,#ff7f0e
1507,C05 Malignant neoplasm of palate,45.0,II. Neoplasms,II. Neoplasms,#ff7f0e
1508,C06 Malignant neoplasm of other and unspecified parts of mouth,53.0,II. Neoplasms,II. Neoplasms,#ff7f0e
1509,C07 Malignant neoplasm of parotid gland,75.0,II. Neoplasms,II. Neoplasms,#ff7f0e
1510,C08 Malignant neoplasm of other and unspecified major salivary glands,17.0,II. Neoplasms,II. Neoplasms,#ff7f0e
1511,C09 Malignant neoplasm of tonsil,185.0,II. Neoplasms,II. Neoplasms,#ff7f0e
1512,C10 Malignant neoplasm of oropharynx,25.0,II. Neoplasms,II. Neoplasms,#ff7f0e
1513,C11 Malignant neoplasm of nasopharynx,25.0,II. Neoplasms,II. Neoplasms,#ff7f0e
1514,C12 Malignant neoplasm of pyriform sinus,12.0,II. Neoplasms,II. Neoplasms,#ff7f0e
1515,C13 Malignant neoplasm of hypopharynx,10.0,II. Neoplasms,II. Neoplasms,#ff7f0e
1516,"C14 Malignant neoplasm of other and ill-defined sites in the lip, oral cavity and pharynx",12.0,II. Neoplasms,II. Neoplasms,#ff7f0e
1517,C15 Malignant neoplasm of oesophagus,526.0,II. Neoplasms,II. Neoplasms,#ff7f0e
1518,C16 Malignant neoplasm of stomach,375.0,II. Neoplasms,II. Neoplasms,#ff7f0e
1519,C17 Malignant neoplasm of small intestine,128.0,II. Neoplasms,II. Neoplasms,#ff7f0e
1520,C18 Malignant neoplasm of colon,2580.0,II. Neoplasms,II. Neoplasms,#ff7f0e
1521,C19 Malignant neoplasm of rectosigmoid junction,318.0,II. Neoplasms,II. Neoplasms,#ff7f0e
1522,C20 Malignant neoplasm of rectum,1205.0,II. Neoplasms,II. Neoplasms,#ff7f0e
1523,C21 Malignant neoplasm of anus and anal canal,126.0,II. Neoplasms,II. Neoplasms,#ff7f0e
1524,C22 Malignant neoplasm of liver and intrahepatic bile ducts,248.0,II. Neoplasms,II. Neoplasms,#ff7f0e
1525,C23 Malignant neoplasm of gallbladder,64.0,II. Neoplasms,II. Neoplasms,#ff7f0e
1526,C24 Malignant neoplasm of other and unspecified parts of biliary tract,89.0,II. Neoplasms,II. Neoplasms,#ff7f0e
1527,C25 Malignant neoplasm of pancreas,493.0,II. Neoplasms,II. Neoplasms,#ff7f0e
1528,C26 Malignant neoplasm of other and ill-defined digestive organs,15.0,II. Neoplasms,II. Neoplasms,#ff7f0e
1529,C30 Malignant neoplasm of nasal cavity and middle ear,26.0,II. Neoplasms,II. Neoplasms,#ff7f0e
1530,C31 Malignant neoplasm of accessory sinuses,13.0,II. Neoplasms,II. Neoplasms,#ff7f0e
1531,C32 Malignant neoplasm of larynx,206.0,II. Neoplasms,II. Neoplasms,#ff7f0e
1532,C33 Malignant neoplasm of trachea,5.0,II. Neoplasms,II. Neoplasms,#ff7f0e
1533,C34 Malignant neoplasm of bronchus and lung,1778.0,II. Neoplasms,II. Neoplasms,#ff7f0e
1534,C37 Malignant neoplasm of thymus,22.0,II. Neoplasms,II. Neoplasms,#ff7f0e
1535,"C38 Malignant neoplasm of heart, mediastinum and pleura",11.0,II. Neoplasms,II. Neoplasms,#ff7f0e
1536,C39 Malignant neoplasm of other and ill-defined sites in the respiratory system and intrathoracic organs,2.0,II. Neoplasms,II. Neoplasms,#ff7f0e
1537,C40 Malignant neoplasm of bone and articular cartilage of limbs,28.0,II. Neoplasms,II. Neoplasms,#ff7f0e
1538,C41 Malignant neoplasm of bone and articular cartilage of other and unspecified sites,25.0,II. Neoplasms,II. Neoplasms,#ff7f0e
1539,C42 Hematopoietic and reticuloendothelial systems icd-o-3 specific,36.0,II. Neoplasms,II. Neoplasms,#ff7f0e
1540,C43 Malignant melanoma of skin,2413.0,II. Neoplasms,II. Neoplasms,#ff7f0e
1541,C44 Other malignant neoplasms of skin,16632.0,II. Neoplasms,II. Neoplasms,#ff7f0e
1542,C45 Mesothelioma,211.0,II. Neoplasms,II. Neoplasms,#ff7f0e
1543,C46 Kaposi's sarcoma,10.0,II. Neoplasms,II. Neoplasms,#ff7f0e
1544,C47 Malignant neoplasm of peripheral nerves and autonomic nervous system,15.0,II. Neoplasms,II. Neoplasms,#ff7f0e
1545,C48 Malignant neoplasm of retroperitoneum and peritoneum,96.0,II. Neoplasms,II. Neoplasms,#ff7f0e
1546,C49 Malignant neoplasm of other connective and soft tissue,224.0,II. Neoplasms,II. Neoplasms,#ff7f0e
1547,C50 Malignant neoplasm of breast,10691.0,II. Neoplasms,II. Neoplasms,#ff7f0e
1548,C51 Malignant neoplasm of vulva,87.0,II. Neoplasms,II. Neoplasms,#ff7f0e
1549,C52 Malignant neoplasm of vagina,17.0,II. Neoplasms,II. Neoplasms,#ff7f0e
1550,C53 Malignant neoplasm of cervix uteri,374.0,II. Neoplasms,II. Neoplasms,#ff7f0e
1551,C54 Malignant neoplasm of corpus uteri,1301.0,II. Neoplasms,II. Neoplasms,#ff7f0e
1552,"C55 Malignant neoplasm of uterus, part unspecified",30.0,II. Neoplasms,II. Neoplasms,#ff7f0e
1553,C56 Malignant neoplasm of ovary,885.0,II. Neoplasms,II. Neoplasms,#ff7f0e
1554,C57 Malignant neoplasm of other and unspecified female genital organs,61.0,II. Neoplasms,II. Neoplasms,#ff7f0e
1555,C58 Malignant neoplasm of placenta,8.0,II. Neoplasms,II. Neoplasms,#ff7f0e
1556,C60 Malignant neoplasm of penis,52.0,II. Neoplasms,II. Neoplasms,#ff7f0e
1557,C61 Malignant neoplasm of prostate,6873.0,II. Neoplasms,II. Neoplasms,#ff7f0e
1558,C62 Malignant neoplasm of testis,429.0,II. Neoplasms,II. Neoplasms,#ff7f0e
1559,C63 Malignant neoplasm of other and unspecified male genital organs,10.0,II. Neoplasms,II. Neoplasms,#ff7f0e
1560,"C64 Malignant neoplasm of kidney, except renal pelvis",885.0,II. Neoplasms,II. Neoplasms,#ff7f0e
1561,C65 Malignant neoplasm of renal pelvis,53.0,II. Neoplasms,II. Neoplasms,#ff7f0e
1562,C66 Malignant neoplasm of ureter,32.0,II. Neoplasms,II. Neoplasms,#ff7f0e
1563,C67 Malignant neoplasm of bladder,814.0,II. Neoplasms,II. Neoplasms,#ff7f0e
1564,C68 Malignant neoplasm of other and unspecified urinary organs,10.0,II. Neoplasms,II. Neoplasms,#ff7f0e
1565,C69 Malignant neoplasm of eye and adnexa,109.0,II. Neoplasms,II. Neoplasms,#ff7f0e
1566,C70 Malignant neoplasm of meninges,7.0,II. Neoplasms,II. Neoplasms,#ff7f0e
1567,C71 Malignant neoplasm of brain,447.0,II. Neoplasms,II. Neoplasms,#ff7f0e
1568,"C72 Malignant neoplasm of spinal cord, cranial nerves and other parts of central nervous system",18.0,II. Neoplasms,II. Neoplasms,#ff7f0e
1569,C73 Malignant neoplasm of thyroid gland,421.0,II. Neoplasms,II. Neoplasms,#ff7f0e
1570,C74 Malignant neoplasm of adrenal gland,22.0,II. Neoplasms,II. Neoplasms,#ff7f0e
1571,C75 Malignant neoplasm of other endocrine glands and related structures,16.0,II. Neoplasms,II. Neoplasms,#ff7f0e
1572,C76 Malignant neoplasm of other and ill-defined sites,33.0,II. Neoplasms,II. Neoplasms,#ff7f0e
1573,C77 Secondary and unspecified malignant neoplasm of lymph nodes,90.0,II. Neoplasms,II. Neoplasms,#ff7f0e
1574,C78 Secondary malignant neoplasm of respiratory and digestive organs,102.0,II. Neoplasms,II. Neoplasms,#ff7f0e
1575,C79 Secondary malignant neoplasm of other sites,47.0,II. Neoplasms,II. Neoplasms,#ff7f0e
1576,C80 Malignant neoplasm without specification of site,143.0,II. Neoplasms,II. Neoplasms,#ff7f0e
1577,C81 Hodgkin's disease,255.0,II. Neoplasms,II. Neoplasms,#ff7f0e
1578,C82 Follicular [nodular] non-hodgkin's lymphoma,387.0,II. Neoplasms,II. Neoplasms,#ff7f0e
1579,C83 Diffuse non-hodgkin's lymphoma,697.0,II. Neoplasms,II. Neoplasms,#ff7f0e
1580,C84 Peripheral and cutaneous t-cell lymphomas,133.0,II. Neoplasms,II. Neoplasms,#ff7f0e
1581,C85 Other and unspecified types of non-hodgkin's lymphoma,355.0,II. Neoplasms,II. Neoplasms,#ff7f0e
1582,C86 Other specified types of t/nk-cell lymphoma,1.0,II. Neoplasms,II. Neoplasms,#ff7f0e
1583,C88 Malignant immunoproliferative diseases,24.0,II. Neoplasms,II. Neoplasms,#ff7f0e
1584,C90 Multiple myeloma and malignant plasma cell neoplasms,471.0,II. Neoplasms,II. Neoplasms,#ff7f0e
1585,C91 Lymphoid leukaemia,517.0,II. Neoplasms,II. Neoplasms,#ff7f0e
1586,C92 Myeloid leukaemia,323.0,II. Neoplasms,II. Neoplasms,#ff7f0e
1587,C93 Monocytic leukaemia,9.0,II. Neoplasms,II. Neoplasms,#ff7f0e
1588,C94 Other leukaemias of specified cell type,4.0,II. Neoplasms,II. Neoplasms,#ff7f0e
1589,C95 Leukaemia of unspecified cell type,12.0,II. Neoplasms,II. Neoplasms,#ff7f0e
1590,"C96 Other and unspecified malignant neoplasms of lymphoid, haematopoietic and related tissue",30.0,II. Neoplasms,II. Neoplasms,#ff7f0e
1591,C97 Malignant neoplasms of independent primary multiple sites,1.0,II. Neoplasms,II. Neoplasms,#ff7f0e
1592,"D00 Carcinoma in situ of oral cavity, oesophagus and stomach",57.0,II. Neoplasms,II. Neoplasms,#ff7f0e
1593,D01 Carcinoma in situ of other and unspecified digestive organs,242.0,II. Neoplasms,II. Neoplasms,#ff7f0e
1594,D02 Carcinoma in situ of middle ear and respiratory system,48.0,II. Neoplasms,II. Neoplasms,#ff7f0e
1595,D03 Melanoma in situ,887.0,II. Neoplasms,II. Neoplasms,#ff7f0e
1596,D04 Carcinoma in situ of skin,843.0,II. Neoplasms,II. Neoplasms,#ff7f0e
1597,D05 Carcinoma in situ of breast,1788.0,II. Neoplasms,II. Neoplasms,#ff7f0e
1598,D06 Carcinoma in situ of cervix uteri,3053.0,II. Neoplasms,II. Neoplasms,#ff7f0e
1599,D07 Carcinoma in situ of other and unspecified genital organs,454.0,II. Neoplasms,II. Neoplasms,#ff7f0e
1600,D09 Carcinoma in situ of other and unspecified sites,544.0,II. Neoplasms,II. Neoplasms,#ff7f0e
1601,D10 Benign neoplasm of mouth and pharynx,,II. Neoplasms,II. Neoplasms,#ff7f0e
1602,D11 Benign neoplasm of major salivary glands,31.0,II. Neoplasms,II. Neoplasms,#ff7f0e
1603,"D12 Benign neoplasm of colon, rectum, anus and anal canal",1.0,II. Neoplasms,II. Neoplasms,#ff7f0e
1604,D13 Benign neoplasm of other and ill-defined parts of digestive system,1.0,II. Neoplasms,II. Neoplasms,#ff7f0e
1605,D15 Benign neoplasm of other and unspecified intrathoracic organs,3.0,II. Neoplasms,II. Neoplasms,#ff7f0e
1606,D16 Benign neoplasm of bone and articular cartilage,2.0,II. Neoplasms,II. Neoplasms,#ff7f0e
1607,"D18 Haemangioma and lymphangioma, any site",2.0,II. Neoplasms,II. Neoplasms,#ff7f0e
1608,D27 Benign neoplasm of ovary,3.0,II. Neoplasms,II. Neoplasms,#ff7f0e
1609,D30 Benign neoplasm of urinary organs,1.0,II. Neoplasms,II. Neoplasms,#ff7f0e
1610,D32 Benign neoplasm of meninges,341.0,II. Neoplasms,II. Neoplasms,#ff7f0e
1611,D33 Benign neoplasm of brain and other parts of central nervous system,184.0,II. Neoplasms,II. Neoplasms,#ff7f0e
1612,D34 Benign neoplasm of thyroid gland,1.0,II. Neoplasms,II. Neoplasms,#ff7f0e
1613,D35 Benign neoplasm of other and unspecified endocrine glands,194.0,II. Neoplasms,II. Neoplasms,#ff7f0e
1614,D36 Benign neoplasm of other and unspecified sites,2.0,II. Neoplasms,II. Neoplasms,#ff7f0e
1615,D37 Neoplasm of uncertain or unknown behaviour of oral cavity and digestive organs,293.0,II. Neoplasms,II. Neoplasms,#ff7f0e
1616,D38 Neoplasm of uncertain or unknown behaviour of middle ear and respiratory and intrathoracic organs,21.0,II. Neoplasms,II. Neoplasms,#ff7f0e
1617,D39 Neoplasm of uncertain or unknown behaviour of female genital organs,126.0,II. Neoplasms,II. Neoplasms,#ff7f0e
1618,D40 Neoplasm of uncertain or unknown behaviour of male genital organs,25.0,II. Neoplasms,II. Neoplasms,#ff7f0e
1619,D41 Neoplasm of uncertain or unknown behaviour of urinary organs,623.0,II. Neoplasms,II. Neoplasms,#ff7f0e
1620,D42 Neoplasm of uncertain or unknown behaviour of meninges,26.0,II. Neoplasms,II. Neoplasms,#ff7f0e
1621,D43 Neoplasm of uncertain or unknown behaviour of brain and central nervous system,53.0,II. Neoplasms,II. Neoplasms,#ff7f0e
1622,D44 Neoplasm of uncertain or unknown behaviour of endocrine glands,49.0,II. Neoplasms,II. Neoplasms,#ff7f0e
1623,D45 Polycythaemia vera,125.0,II. Neoplasms,II. Neoplasms,#ff7f0e
1624,D46 Myelodysplastic syndromes,105.0,II. Neoplasms,II. Neoplasms,#ff7f0e
1625,"D47 Other neoplasms of uncertain or unknown behaviour of lymphoid, haematopoietic and related tissue",308.0,II. Neoplasms,II. Neoplasms,#ff7f0e
1626,D48 Neoplasm of uncertain or unknown behaviour of other and unspecified sites,183.0,II. Neoplasms,II. Neoplasms,#ff7f0e
1627,O01 Hydatidiform mole38,26.0,"XV. Pregnancy, childbirth and the puerperium",XV. Pregnancy & Childbirth,#e377c2
1628,Death,24152.0,Death,Death,#000a35
