index,name,count,ICD-10 Chapter,ICD-10 Chapter (short),color
0,Padding,,Technical,Technical,#2a52be
1,No event,,Technical,Technical,#2a52be
2,Female,218608.0,Sex,Sex,#bcbd22
3,Male,183444.0,Sex,Sex,#bcbd22
4,HLA-A*01,,HLA,HLA,#000000
5,HLA-A*02,,HLA,HLA,#000000
6,HLA-A*03,,HLA,HLA,#000000
7,HLA-A*11,,HLA,HLA,#000000
8,HLA-A*23,,HLA,HLA,#000000
9,HLA-A*24,,HLA,HLA,#000000
10,HLA-A*25,,HLA,HLA,#000000
11,HLA-A*26,,HLA,HLA,#000000
12,HLA-A*29,,HLA,HLA,#000000
13,HLA-A*30,,HLA,HLA,#000000
14,HLA-A*31,,HLA,HLA,#000000
15,HLA-A*32,,HLA,HLA,#000000
16,HLA-A*33,,HLA,HLA,#000000
17,HLA-A*34,,HLA,HLA,#000000
18,HLA-A*36,,HLA,HLA,#000000
19,HLA-A*40,,HLA,HLA,#000000
20,HLA-A*43,,HLA,HLA,#000000
21,HLA-A*66,,HLA,HLA,#000000
22,HLA-A*68,,HLA,HLA,#000000
23,HLA-A*69,,HLA,HLA,#000000
24,HLA-A*74,,HLA,HLA,#000000
25,HLA-A*80,,HLA,HLA,#000000
26,HLA-B*07,,HLA,HLA,#000000
27,HLA-B*08,,HLA,HLA,#000000
28,HLA-B*13,,HLA,HLA,#000000
29,HLA-B*14,,HLA,HLA,#000000
30,HLA-B*15,,HLA,HLA,#000000
31,HLA-B*18,,HLA,HLA,#000000
32,HLA-B*27,,HLA,HLA,#000000
33,HLA-B*35,,HLA,HLA,#000000
34,HLA-B*37,,HLA,HLA,#000000
35,HLA-B*38,,HLA,HLA,#000000
36,HLA-B*39,,HLA,HLA,#000000
37,HLA-B*40,,HLA,HLA,#000000
38,HLA-B*41,,HLA,HLA,#000000
39,HLA-B*42,,HLA,HLA,#000000
40,HLA-B*44,,HLA,HLA,#000000
41,HLA-B*45,,HLA,HLA,#000000
42,HLA-B*46,,HLA,HLA,#000000
43,HLA-B*47,,HLA,HLA,#000000
44,HLA-B*48,,HLA,HLA,#000000
45,HLA-B*49,,HLA,HLA,#000000
46,HLA-B*50,,HLA,HLA,#000000
47,HLA-B*51,,HLA,HLA,#000000
48,HLA-B*52,,HLA,HLA,#000000
49,HLA-B*53,,HLA,HLA,#000000
50,HLA-B*54,,HLA,HLA,#000000
51,HLA-B*55,,HLA,HLA,#000000
52,HLA-B*56,,HLA,HLA,#000000
53,HLA-B*57,,HLA,HLA,#000000
54,HLA-B*58,,HLA,HLA,#000000
55,HLA-B*59,,HLA,HLA,#000000
56,HLA-B*67,,HLA,HLA,#000000
57,HLA-B*70,,HLA,HLA,#000000
58,HLA-B*73,,HLA,HLA,#000000
59,HLA-B*78,,HLA,HLA,#000000
60,HLA-B*81,,HLA,HLA,#000000
61,HLA-B*82,,HLA,HLA,#000000
62,HLA-C*01,,HLA,HLA,#000000
63,HLA-C*02,,HLA,HLA,#000000
64,HLA-C*03,,HLA,HLA,#000000
65,HLA-C*04,,HLA,HLA,#000000
66,HLA-C*05,,HLA,HLA,#000000
67,HLA-C*06,,HLA,HLA,#000000
68,HLA-C*07,,HLA,HLA,#000000
69,HLA-C*08,,HLA,HLA,#000000
70,HLA-C*12,,HLA,HLA,#000000
71,HLA-C*14,,HLA,HLA,#000000
72,HLA-C*15,,HLA,HLA,#000000
73,HLA-C*16,,HLA,HLA,#000000
74,HLA-C*17,,HLA,HLA,#000000
75,HLA-C*18,,HLA,HLA,#000000
76,HLA-DPA1*01,,HLA,HLA,#000000
77,HLA-DPA1*02,,HLA,HLA,#000000
78,HLA-DPA1*03,,HLA,HLA,#000000
79,HLA-DPA1*04,,HLA,HLA,#000000
80,HLA-DPB1*01,,HLA,HLA,#000000
81,HLA-DPB1*02,,HLA,HLA,#000000
82,HLA-DPB1*03,,HLA,HLA,#000000
83,HLA-DPB1*04,,HLA,HLA,#000000
84,HLA-DPB1*05,,HLA,HLA,#000000
85,HLA-DPB1*06,,HLA,HLA,#000000
86,HLA-DPB1*09,,HLA,HLA,#000000
87,HLA-DPB1*10,,HLA,HLA,#000000
88,HLA-DPB1*11,,HLA,HLA,#000000
89,HLA-DPB1*13,,HLA,HLA,#000000
90,HLA-DPB1*14,,HLA,HLA,#000000
91,HLA-DPB1*15,,HLA,HLA,#000000
92,HLA-DPB1*16,,HLA,HLA,#000000
93,HLA-DPB1*17,,HLA,HLA,#000000
94,HLA-DPB1*18,,HLA,HLA,#000000
95,HLA-DPB1*19,,HLA,HLA,#000000
96,HLA-DPB1*20,,HLA,HLA,#000000
97,HLA-DPB1*21,,HLA,HLA,#000000
98,HLA-DPB1*22,,HLA,HLA,#000000
99,HLA-DPB1*23,,HLA,HLA,#000000
100,HLA-DPB1*26,,HLA,HLA,#000000
101,HLA-DPB1*28,,HLA,HLA,#000000
102,HLA-DPB1*30,,HLA,HLA,#000000
103,HLA-DPB1*31,,HLA,HLA,#000000
104,HLA-DPB1*33,,HLA,HLA,#000000
105,HLA-DPB1*34,,HLA,HLA,#000000
106,HLA-DPB1*35,,HLA,HLA,#000000
107,HLA-DPB1*40,,HLA,HLA,#000000
108,HLA-DPB1*45,,HLA,HLA,#000000
109,HLA-DPB1*48,,HLA,HLA,#000000
110,HLA-DPB1*81,,HLA,HLA,#000000
111,HLA-DPB1*85,,HLA,HLA,#000000
112,HLA-DQA1*01,,HLA,HLA,#000000
113,HLA-DQA1*02,,HLA,HLA,#000000
114,HLA-DQA1*03,,HLA,HLA,#000000
115,HLA-DQA1*04,,HLA,HLA,#000000
116,HLA-DQA1*05,,HLA,HLA,#000000
117,HLA-DQA1*06,,HLA,HLA,#000000
118,HLA-DQB1*02,,HLA,HLA,#000000
119,HLA-DQB1*03,,HLA,HLA,#000000
120,HLA-DQB1*04,,HLA,HLA,#000000
121,HLA-DQB1*05,,HLA,HLA,#000000
122,HLA-DQB1*06,,HLA,HLA,#000000
123,HLA-DRB1*01,,HLA,HLA,#000000
124,HLA-DRB1*03,,HLA,HLA,#000000
125,HLA-DRB1*04,,HLA,HLA,#000000
126,HLA-DRB1*07,,HLA,HLA,#000000
127,HLA-DRB1*08,,HLA,HLA,#000000
128,HLA-DRB1*09,,HLA,HLA,#000000
129,HLA-DRB1*10,,HLA,HLA,#000000
130,HLA-DRB1*11,,HLA,HLA,#000000
131,HLA-DRB1*12,,HLA,HLA,#000000
132,HLA-DRB1*13,,HLA,HLA,#000000
133,HLA-DRB1*14,,HLA,HLA,#000000
134,HLA-DRB1*15,,HLA,HLA,#000000
135,HLA-DRB1*16,,HLA,HLA,#000000
136,HLA-DRB3*01,,HLA,HLA,#000000
137,HLA-DRB3*02,,HLA,HLA,#000000
138,HLA-DRB3*03,,HLA,HLA,#000000
139,HLA-DRB4*01,,HLA,HLA,#000000
140,HLA-DRB5*01,,HLA,HLA,#000000
141,HLA-DRB5*02,,HLA,HLA,#000000
142,BMI low,37912.0,"Smoking, Alcohol and BMI","Smoking, Alcohol and BMI",#9467bd
143,BMI mid,206718.0,"Smoking, Alcohol and BMI","Smoking, Alcohol and BMI",#9467bd
144,BMI high,154955.0,"Smoking, Alcohol and BMI","Smoking, Alcohol and BMI",#9467bd
145,Smoking low,358649.0,"Smoking, Alcohol and BMI","Smoking, Alcohol and BMI",#9467bd
146,Smoking mid,11013.0,"Smoking, Alcohol and BMI","Smoking, Alcohol and BMI",#9467bd
147,Smoking high,31346.0,"Smoking, Alcohol and BMI","Smoking, Alcohol and BMI",#9467bd
148,Alcohol low,123582.0,"Smoking, Alcohol and BMI","Smoking, Alcohol and BMI",#9467bd
149,Alcohol mid,195659.0,"Smoking, Alcohol and BMI","Smoking, Alcohol and BMI",#9467bd
150,Alcohol high,81611.0,"Smoking, Alcohol and BMI","Smoking, Alcohol and BMI",#9467bd
151,A00 Cholera,22.0,I. Certain infectious and parasitic diseases,I. Infectious Diseases,#98df8a
152,A01 Typhoid and paratyphoid fevers,132.0,I. Certain infectious and parasitic diseases,I. Infectious Diseases,#98df8a
153,A02 Other salmonella infections,622.0,I. Certain infectious and parasitic diseases,I. Infectious Diseases,#98df8a
154,A03 Shigellosis,170.0,I. Certain infectious and parasitic diseases,I. Infectious Diseases,#98df8a
155,A04 Other bacterial intestinal infections,6494.0,I. Certain infectious and parasitic diseases,I. Infectious Diseases,#98df8a
156,A05 Other bacterial foodborne intoxications,305.0,I. Certain infectious and parasitic diseases,I. Infectious Diseases,#98df8a
157,A06 Amoebiasis,98.0,I. Certain infectious and parasitic diseases,I. Infectious Diseases,#98df8a
158,A07 Other protozoal intestinal diseases,401.0,I. Certain infectious and parasitic diseases,I. Infectious Diseases,#98df8a
159,A08 Viral and other specified intestinal infections,4384.0,I. Certain infectious and parasitic diseases,I. Infectious Diseases,#98df8a
160,A09 Diarrhoea and gastro-enteritis of presumed infectious origin,17287.0,I. Certain infectious and parasitic diseases,I. Infectious Diseases,#98df8a
161,"A15 Respiratory tuberculosis, bacteriologically and histologically confirmed",2176.0,I. Certain infectious and parasitic diseases,I. Infectious Diseases,#98df8a
162,"A16 Respiratory tuberculosis, not confirmed bacteriologically or histologically",528.0,I. Certain infectious and parasitic diseases,I. Infectious Diseases,#98df8a
163,A17 Tuberculosis of nervous system,13.0,I. Certain infectious and parasitic diseases,I. Infectious Diseases,#98df8a
164,A18 Tuberculosis of other organs,156.0,I. Certain infectious and parasitic diseases,I. Infectious Diseases,#98df8a
165,A19 Miliary tuberculosis,16.0,I. Certain infectious and parasitic diseases,I. Infectious Diseases,#98df8a
166,A20 Plague,6.0,I. Certain infectious and parasitic diseases,I. Infectious Diseases,#98df8a
167,A22 Anthrax,2.0,I. Certain infectious and parasitic diseases,I. Infectious Diseases,#98df8a
168,A23 Brucellosis,27.0,I. Certain infectious and parasitic diseases,I. Infectious Diseases,#98df8a
169,A24 Glanders and melioidosis,1.0,I. Certain infectious and parasitic diseases,I. Infectious Diseases,#98df8a
170,A25 Rat-bite fevers,2.0,I. Certain infectious and parasitic diseases,I. Infectious Diseases,#98df8a
171,A26 Erysipeloid,11.0,I. Certain infectious and parasitic diseases,I. Infectious Diseases,#98df8a
172,A27 Leptospirosis,25.0,I. Certain infectious and parasitic diseases,I. Infectious Diseases,#98df8a
173,"A28 Other zoonotic bacterial diseases, not elsewhere classified",45.0,I. Certain infectious and parasitic diseases,I. Infectious Diseases,#98df8a
174,A30 Leprosy [hansen's disease],2.0,I. Certain infectious and parasitic diseases,I. Infectious Diseases,#98df8a
175,A31 Infection due to other mycobacteria,107.0,I. Certain infectious and parasitic diseases,I. Infectious Diseases,#98df8a
176,A32 Listeriosis,20.0,I. Certain infectious and parasitic diseases,I. Infectious Diseases,#98df8a
177,A33 Tetanus neonatorum,1.0,I. Certain infectious and parasitic diseases,I. Infectious Diseases,#98df8a
178,A35 Other tetanus,98.0,I. Certain infectious and parasitic diseases,I. Infectious Diseases,#98df8a
179,A36 Diphtheria,118.0,I. Certain infectious and parasitic diseases,I. Infectious Diseases,#98df8a
180,A37 Whooping cough,1699.0,I. Certain infectious and parasitic diseases,I. Infectious Diseases,#98df8a
181,A38 Scarlet fever,1061.0,I. Certain infectious and parasitic diseases,I. Infectious Diseases,#98df8a
182,A39 Meningococcal infection,86.0,I. Certain infectious and parasitic diseases,I. Infectious Diseases,#98df8a
183,A40 Streptococcal septicaemia,575.0,I. Certain infectious and parasitic diseases,I. Infectious Diseases,#98df8a
184,A41 Other septicaemia,10621.0,I. Certain infectious and parasitic diseases,I. Infectious Diseases,#98df8a
185,A42 Actinomycosis,171.0,I. Certain infectious and parasitic diseases,I. Infectious Diseases,#98df8a
186,A43 Nocardiosis,2.0,I. Certain infectious and parasitic diseases,I. Infectious Diseases,#98df8a
187,A44 Bartonellosis,1.0,I. Certain infectious and parasitic diseases,I. Infectious Diseases,#98df8a
188,A46 Erysipelas,255.0,I. Certain infectious and parasitic diseases,I. Infectious Diseases,#98df8a
189,"A48 Other bacterial diseases, not elsewhere classified",175.0,I. Certain infectious and parasitic diseases,I. Infectious Diseases,#98df8a
190,A49 Bacterial infection of unspecified site,1887.0,I. Certain infectious and parasitic diseases,I. Infectious Diseases,#98df8a
191,A50 Congenital syphilis,9.0,I. Certain infectious and parasitic diseases,I. Infectious Diseases,#98df8a
192,A51 Early syphilis,15.0,I. Certain infectious and parasitic diseases,I. Infectious Diseases,#98df8a
193,A52 Late syphilis,17.0,I. Certain infectious and parasitic diseases,I. Infectious Diseases,#98df8a
194,A53 Other and unspecified syphilis,24.0,I. Certain infectious and parasitic diseases,I. Infectious Diseases,#98df8a
195,A54 Gonococcal infection,223.0,I. Certain infectious and parasitic diseases,I. Infectious Diseases,#98df8a
196,A55 Chlamydial lymphogranuloma venereum,4.0,I. Certain infectious and parasitic diseases,I. Infectious Diseases,#98df8a
197,A56 Other sexually transmitted chlamydial diseases,66.0,I. Certain infectious and parasitic diseases,I. Infectious Diseases,#98df8a
198,A58 Granuloma inguinale,1.0,I. Certain infectious and parasitic diseases,I. Infectious Diseases,#98df8a
199,A59 Trichomoniasis,76.0,I. Certain infectious and parasitic diseases,I. Infectious Diseases,#98df8a
200,A60 Anogenital herpesviral [herpes simplex] infections,352.0,I. Certain infectious and parasitic diseases,I. Infectious Diseases,#98df8a
201,"A63 Other predominantly sexually transmitted diseases, not elsewhere classified",1442.0,I. Certain infectious and parasitic diseases,I. Infectious Diseases,#98df8a
202,A64 Unspecified sexually transmitted disease,3.0,I. Certain infectious and parasitic diseases,I. Infectious Diseases,#98df8a
203,A66 Yaws,15.0,I. Certain infectious and parasitic diseases,I. Infectious Diseases,#98df8a
204,A67 Pinta [carate],6.0,I. Certain infectious and parasitic diseases,I. Infectious Diseases,#98df8a
205,A68 Relapsing fevers,1.0,I. Certain infectious and parasitic diseases,I. Infectious Diseases,#98df8a
206,A69 Other spirochaetal infections,246.0,I. Certain infectious and parasitic diseases,I. Infectious Diseases,#98df8a
207,A70 Chlamydia psittaci infection,27.0,I. Certain infectious and parasitic diseases,I. Infectious Diseases,#98df8a
208,A71 Trachoma,31.0,I. Certain infectious and parasitic diseases,I. Infectious Diseases,#98df8a
209,A74 Other diseases caused by chlamydiae,21.0,I. Certain infectious and parasitic diseases,I. Infectious Diseases,#98df8a
210,A75 Typhus fever,5.0,I. Certain infectious and parasitic diseases,I. Infectious Diseases,#98df8a
211,A77 Spotted fever [tick-borne rickettsioses],21.0,I. Certain infectious and parasitic diseases,I. Infectious Diseases,#98df8a
212,A78 Q fever,10.0,I. Certain infectious and parasitic diseases,I. Infectious Diseases,#98df8a
213,A79 Other rickettsioses,2.0,I. Certain infectious and parasitic diseases,I. Infectious Diseases,#98df8a
214,A80 Acute poliomyelitis,415.0,I. Certain infectious and parasitic diseases,I. Infectious Diseases,#98df8a
215,A81 Atypical virus infections of central nervous system,49.0,I. Certain infectious and parasitic diseases,I. Infectious Diseases,#98df8a
216,A82 Rabies,16.0,I. Certain infectious and parasitic diseases,I. Infectious Diseases,#98df8a
217,A83 Mosquito-borne viral encephalitis,26.0,I. Certain infectious and parasitic diseases,I. Infectious Diseases,#98df8a
218,A84 Tick-borne viral encephalitis,6.0,I. Certain infectious and parasitic diseases,I. Infectious Diseases,#98df8a
219,"A85 Other viral encephalitis, not elsewhere classified",11.0,I. Certain infectious and parasitic diseases,I. Infectious Diseases,#98df8a
220,A86 Unspecified viral encephalitis,100.0,I. Certain infectious and parasitic diseases,I. Infectious Diseases,#98df8a
221,A87 Viral meningitis,406.0,I. Certain infectious and parasitic diseases,I. Infectious Diseases,#98df8a
222,"A88 Other viral infections of central nervous system, not elsewhere classified",20.0,I. Certain infectious and parasitic diseases,I. Infectious Diseases,#98df8a
223,A89 Unspecified viral infection of central nervous system,31.0,I. Certain infectious and parasitic diseases,I. Infectious Diseases,#98df8a
224,A90 Dengue fever [classical dengue],8.0,I. Certain infectious and parasitic diseases,I. Infectious Diseases,#98df8a
225,A91 Dengue haemorrhagic fever,2.0,I. Certain infectious and parasitic diseases,I. Infectious Diseases,#98df8a
226,A92 Other mosquito-borne viral fevers,9.0,I. Certain infectious and parasitic diseases,I. Infectious Diseases,#98df8a
227,"A93 Other arthropod-borne viral fevers, not elsewhere classified",8.0,I. Certain infectious and parasitic diseases,I. Infectious Diseases,#98df8a
228,A94 Unspecified arthropod-borne viral fever,2.0,I. Certain infectious and parasitic diseases,I. Infectious Diseases,#98df8a
229,A95 Yellow fever,58.0,I. Certain infectious and parasitic diseases,I. Infectious Diseases,#98df8a
230,A97 Dengue,32.0,I. Certain infectious and parasitic diseases,I. Infectious Diseases,#98df8a
231,"A98 Other viral haemorrhagic fevers, not elsewhere classified",1.0,I. Certain infectious and parasitic diseases,I. Infectious Diseases,#98df8a
232,B00 Herpesviral [herpes simplex] infections,3792.0,I. Certain infectious and parasitic diseases,I. Infectious Diseases,#98df8a
233,B01 Varicella [chickenpox],9614.0,I. Certain infectious and parasitic diseases,I. Infectious Diseases,#98df8a
234,B02 Zoster [herpes zoster],12959.0,I. Certain infectious and parasitic diseases,I. Infectious Diseases,#98df8a
235,B03 Smallpox,13.0,I. Certain infectious and parasitic diseases,I. Infectious Diseases,#98df8a
236,B05 Measles,6880.0,I. Certain infectious and parasitic diseases,I. Infectious Diseases,#98df8a
237,B06 Rubella [german measles],2650.0,I. Certain infectious and parasitic diseases,I. Infectious Diseases,#98df8a
238,B07 Viral warts,14183.0,I. Certain infectious and parasitic diseases,I. Infectious Diseases,#98df8a
239,"B08 Other viral infections characterised by skin and mucous membrane lesions, not elsewhere classified",830.0,I. Certain infectious and parasitic diseases,I. Infectious Diseases,#98df8a
240,B09 Unspecified viral infection characterised by skin and mucous membrane lesions,23.0,I. Certain infectious and parasitic diseases,I. Infectious Diseases,#98df8a
241,B15 Acute hepatitis a,882.0,I. Certain infectious and parasitic diseases,I. Infectious Diseases,#98df8a
242,B16 Acute hepatitis b,213.0,I. Certain infectious and parasitic diseases,I. Infectious Diseases,#98df8a
243,B17 Other acute viral hepatitis,235.0,I. Certain infectious and parasitic diseases,I. Infectious Diseases,#98df8a
244,B18 Chronic viral hepatitis,653.0,I. Certain infectious and parasitic diseases,I. Infectious Diseases,#98df8a
245,B19 Unspecified viral hepatitis,1088.0,I. Certain infectious and parasitic diseases,I. Infectious Diseases,#98df8a
246,B20 Human immunodeficiency virus [hiv] disease resulting in infectious and parasitic diseases,51.0,I. Certain infectious and parasitic diseases,I. Infectious Diseases,#98df8a
247,B21 Human immunodeficiency virus [hiv] disease resulting in malignant neoplasms,10.0,I. Certain infectious and parasitic diseases,I. Infectious Diseases,#98df8a
248,B22 Human immunodeficiency virus [hiv] disease resulting in other specified diseases,7.0,I. Certain infectious and parasitic diseases,I. Infectious Diseases,#98df8a
249,B23 Human immunodeficiency virus [hiv] disease resulting in other conditions,27.0,I. Certain infectious and parasitic diseases,I. Infectious Diseases,#98df8a
250,B24 Unspecified human immunodeficiency virus [hiv] disease,391.0,I. Certain infectious and parasitic diseases,I. Infectious Diseases,#98df8a
251,B25 Cytomegaloviral disease,222.0,I. Certain infectious and parasitic diseases,I. Infectious Diseases,#98df8a
252,B26 Mumps,4436.0,I. Certain infectious and parasitic diseases,I. Infectious Diseases,#98df8a
253,B27 Infectious mononucleosis,2631.0,I. Certain infectious and parasitic diseases,I. Infectious Diseases,#98df8a
254,B30 Viral conjunctivitis,163.0,I. Certain infectious and parasitic diseases,I. Infectious Diseases,#98df8a
255,"B33 Other viral diseases, not elsewhere classified",203.0,I. Certain infectious and parasitic diseases,I. Infectious Diseases,#98df8a
256,B34 Viral infection of unspecified site,9617.0,I. Certain infectious and parasitic diseases,I. Infectious Diseases,#98df8a
257,B35 Dermatophytosis,26472.0,I. Certain infectious and parasitic diseases,I. Infectious Diseases,#98df8a
258,B36 Other superficial mycoses,4598.0,I. Certain infectious and parasitic diseases,I. Infectious Diseases,#98df8a
259,B37 Candidiasis,9367.0,I. Certain infectious and parasitic diseases,I. Infectious Diseases,#98df8a
260,B38 Coccidioidomycosis,2.0,I. Certain infectious and parasitic diseases,I. Infectious Diseases,#98df8a
261,B39 Histoplasmosis,8.0,I. Certain infectious and parasitic diseases,I. Infectious Diseases,#98df8a
262,B40 Blastomycosis,1.0,I. Certain infectious and parasitic diseases,I. Infectious Diseases,#98df8a
263,B42 Sporotrichosis,2.0,I. Certain infectious and parasitic diseases,I. Infectious Diseases,#98df8a
264,B43 Chromomycosis and phaeomycotic abscess,2.0,I. Certain infectious and parasitic diseases,I. Infectious Diseases,#98df8a
265,B44 Aspergillosis,338.0,I. Certain infectious and parasitic diseases,I. Infectious Diseases,#98df8a
266,B45 Cryptococcosis,6.0,I. Certain infectious and parasitic diseases,I. Infectious Diseases,#98df8a
267,B46 Zygomycosis,2.0,I. Certain infectious and parasitic diseases,I. Infectious Diseases,#98df8a
268,B47 Mycetoma,18.0,I. Certain infectious and parasitic diseases,I. Infectious Diseases,#98df8a
269,"B48 Other mycoses, not elsewhere classified",26.0,I. Certain infectious and parasitic diseases,I. Infectious Diseases,#98df8a
270,B49 Unspecified mycosis,414.0,I. Certain infectious and parasitic diseases,I. Infectious Diseases,#98df8a
271,B50 Plasmodium falciparum malaria,145.0,I. Certain infectious and parasitic diseases,I. Infectious Diseases,#98df8a
272,B51 Plasmodium vivax malaria,34.0,I. Certain infectious and parasitic diseases,I. Infectious Diseases,#98df8a
273,B52 Plasmodium malariae malaria,4.0,I. Certain infectious and parasitic diseases,I. Infectious Diseases,#98df8a
274,B53 Other parasitologically confirmed malaria,4.0,I. Certain infectious and parasitic diseases,I. Infectious Diseases,#98df8a
275,B54 Unspecified malaria,695.0,I. Certain infectious and parasitic diseases,I. Infectious Diseases,#98df8a
276,B55 Leishmaniasis,16.0,I. Certain infectious and parasitic diseases,I. Infectious Diseases,#98df8a
277,B57 Chagas' disease,1.0,I. Certain infectious and parasitic diseases,I. Infectious Diseases,#98df8a
278,B58 Toxoplasmosis,45.0,I. Certain infectious and parasitic diseases,I. Infectious Diseases,#98df8a
279,B59 Pneumocystosis,118.0,I. Certain infectious and parasitic diseases,I. Infectious Diseases,#98df8a
280,"B60 Other protozoal diseases, not elsewhere classified",11.0,I. Certain infectious and parasitic diseases,I. Infectious Diseases,#98df8a
281,B65 Schistosomiasis [bilharziasis],91.0,I. Certain infectious and parasitic diseases,I. Infectious Diseases,#98df8a
282,B66 Other fluke infections,6.0,I. Certain infectious and parasitic diseases,I. Infectious Diseases,#98df8a
283,B67 Echinococcosis,9.0,I. Certain infectious and parasitic diseases,I. Infectious Diseases,#98df8a
284,B68 Taeniasis,7.0,I. Certain infectious and parasitic diseases,I. Infectious Diseases,#98df8a
285,B69 Cysticercosis,6.0,I. Certain infectious and parasitic diseases,I. Infectious Diseases,#98df8a
286,B71 Other cestode infections,12.0,I. Certain infectious and parasitic diseases,I. Infectious Diseases,#98df8a
287,B73 Onchocerciasis,17.0,I. Certain infectious and parasitic diseases,I. Infectious Diseases,#98df8a
288,B74 Filariasis,4.0,I. Certain infectious and parasitic diseases,I. Infectious Diseases,#98df8a
289,B75 Trichinellosis,,I. Certain infectious and parasitic diseases,I. Infectious Diseases,#98df8a
290,B76 Hookworm diseases,28.0,I. Certain infectious and parasitic diseases,I. Infectious Diseases,#98df8a
291,B77 Ascariasis,9.0,I. Certain infectious and parasitic diseases,I. Infectious Diseases,#98df8a
292,B78 Strongyloidiasis,6.0,I. Certain infectious and parasitic diseases,I. Infectious Diseases,#98df8a
293,B79 Trichuriasis,4.0,I. Certain infectious and parasitic diseases,I. Infectious Diseases,#98df8a
294,B80 Enterobiasis,592.0,I. Certain infectious and parasitic diseases,I. Infectious Diseases,#98df8a
295,"B81 Other intestinal helminthiases, not elsewhere classified",14.0,I. Certain infectious and parasitic diseases,I. Infectious Diseases,#98df8a
296,B82 Unspecified intestinal parasitism,73.0,I. Certain infectious and parasitic diseases,I. Infectious Diseases,#98df8a
297,B83 Other helminthiases,62.0,I. Certain infectious and parasitic diseases,I. Infectious Diseases,#98df8a
298,B85 Pediculosis and phthiriasis,258.0,I. Certain infectious and parasitic diseases,I. Infectious Diseases,#98df8a
299,B86 Scabies,1933.0,I. Certain infectious and parasitic diseases,I. Infectious Diseases,#98df8a
300,B87 Myiasis,6.0,I. Certain infectious and parasitic diseases,I. Infectious Diseases,#98df8a
301,B88 Other infestations,146.0,I. Certain infectious and parasitic diseases,I. Infectious Diseases,#98df8a
302,B89 Unspecified parasitic disease,4.0,I. Certain infectious and parasitic diseases,I. Infectious Diseases,#98df8a
303,B90 Sequelae of tuberculosis,43.0,I. Certain infectious and parasitic diseases,I. Infectious Diseases,#98df8a
304,B91 Sequelae of poliomyelitis,192.0,I. Certain infectious and parasitic diseases,I. Infectious Diseases,#98df8a
305,B94 Sequelae of other and unspecified infectious and parasitic diseases,107.0,I. Certain infectious and parasitic diseases,I. Infectious Diseases,#98df8a
306,B95 Streptococcus and staphylococcus as the cause of diseases classified to other chapters,6513.0,I. Certain infectious and parasitic diseases,I. Infectious Diseases,#98df8a
307,B96 Other bacterial agents as the cause of diseases classified to other chapters,13531.0,I. Certain infectious and parasitic diseases,I. Infectious Diseases,#98df8a
308,B97 Viral agents as the cause of diseases classified to other chapters,1528.0,I. Certain infectious and parasitic diseases,I. Infectious Diseases,#98df8a
309,B98 Other specified infectious agents as the cause of diseases classified to other chapters,3483.0,I. Certain infectious and parasitic diseases,I. Infectious Diseases,#98df8a
310,B99 Other and unspecified infectious diseases,769.0,I. Certain infectious and parasitic diseases,I. Infectious Diseases,#98df8a
311,D50 Iron deficiency anaemia,22221.0,III. Diseases of the blood and blood-forming organs and certain disorders involving the immune mechanism,III. Blood & Immune Disorders,#ff9896
312,D51 Vitamin b12 deficiency anaemia,2904.0,III. Diseases of the blood and blood-forming organs and certain disorders involving the immune mechanism,III. Blood & Immune Disorders,#ff9896
313,D52 Folate deficiency anaemia,601.0,III. Diseases of the blood and blood-forming organs and certain disorders involving the immune mechanism,III. Blood & Immune Disorders,#ff9896
314,D53 Other nutritional anaemias,202.0,III. Diseases of the blood and blood-forming organs and certain disorders involving the immune mechanism,III. Blood & Immune Disorders,#ff9896
315,D55 Anaemia due to enzyme disorders,26.0,III. Diseases of the blood and blood-forming organs and certain disorders involving the immune mechanism,III. Blood & Immune Disorders,#ff9896
316,D56 Thalassaemia,553.0,III. Diseases of the blood and blood-forming organs and certain disorders involving the immune mechanism,III. Blood & Immune Disorders,#ff9896
317,D57 Sickle-cell disorders,548.0,III. Diseases of the blood and blood-forming organs and certain disorders involving the immune mechanism,III. Blood & Immune Disorders,#ff9896
318,D58 Other hereditary haemolytic anaemias,224.0,III. Diseases of the blood and blood-forming organs and certain disorders involving the immune mechanism,III. Blood & Immune Disorders,#ff9896
319,D59 Acquired haemolytic anaemia,270.0,III. Diseases of the blood and blood-forming organs and certain disorders involving the immune mechanism,III. Blood & Immune Disorders,#ff9896
320,D60 Acquired pure red cell aplasia [erythroblastopenia],17.0,III. Diseases of the blood and blood-forming organs and certain disorders involving the immune mechanism,III. Blood & Immune Disorders,#ff9896
321,D61 Other aplastic anaemias,1118.0,III. Diseases of the blood and blood-forming organs and certain disorders involving the immune mechanism,III. Blood & Immune Disorders,#ff9896
322,D62 Acute posthaemorrhagic anaemia,350.0,III. Diseases of the blood and blood-forming organs and certain disorders involving the immune mechanism,III. Blood & Immune Disorders,#ff9896
323,D63 Anaemia in chronic diseases classified elsewhere,1270.0,III. Diseases of the blood and blood-forming organs and certain disorders involving the immune mechanism,III. Blood & Immune Disorders,#ff9896
324,D64 Other anaemias,23404.0,III. Diseases of the blood and blood-forming organs and certain disorders involving the immune mechanism,III. Blood & Immune Disorders,#ff9896
325,D65 Disseminated intravascular coagulation [defibrination syndrome],70.0,III. Diseases of the blood and blood-forming organs and certain disorders involving the immune mechanism,III. Blood & Immune Disorders,#ff9896
326,D66 Hereditary factor viii deficiency,112.0,III. Diseases of the blood and blood-forming organs and certain disorders involving the immune mechanism,III. Blood & Immune Disorders,#ff9896
327,D67 Hereditary factor ix deficiency,24.0,III. Diseases of the blood and blood-forming organs and certain disorders involving the immune mechanism,III. Blood & Immune Disorders,#ff9896
328,D68 Other coagulation defects,2007.0,III. Diseases of the blood and blood-forming organs and certain disorders involving the immune mechanism,III. Blood & Immune Disorders,#ff9896
329,D69 Purpura and other haemorrhagic conditions,4077.0,III. Diseases of the blood and blood-forming organs and certain disorders involving the immune mechanism,III. Blood & Immune Disorders,#ff9896
330,D70 Agranulocytosis,5577.0,III. Diseases of the blood and blood-forming organs and certain disorders involving the immune mechanism,III. Blood & Immune Disorders,#ff9896
331,D71 Functional disorders of polymorphonuclear neutrophils,27.0,III. Diseases of the blood and blood-forming organs and certain disorders involving the immune mechanism,III. Blood & Immune Disorders,#ff9896
332,D72 Other disorders of white blood cells,1124.0,III. Diseases of the blood and blood-forming organs and certain disorders involving the immune mechanism,III. Blood & Immune Disorders,#ff9896
333,D73 Diseases of spleen,945.0,III. Diseases of the blood and blood-forming organs and certain disorders involving the immune mechanism,III. Blood & Immune Disorders,#ff9896
334,D74 Methaemoglobinaemia,7.0,III. Diseases of the blood and blood-forming organs and certain disorders involving the immune mechanism,III. Blood & Immune Disorders,#ff9896
335,D75 Other diseases of blood and blood-forming organs,1837.0,III. Diseases of the blood and blood-forming organs and certain disorders involving the immune mechanism,III. Blood & Immune Disorders,#ff9896
336,D76 Certain diseases involving lymphoreticular tissue and reticulohistiocytic system,95.0,III. Diseases of the blood and blood-forming organs and certain disorders involving the immune mechanism,III. Blood & Immune Disorders,#ff9896
337,D77 Other disorders of blood and blood-forming organs in diseases classified elsewhere,5.0,III. Diseases of the blood and blood-forming organs and certain disorders involving the immune mechanism,III. Blood & Immune Disorders,#ff9896
338,D80 Immunodeficiency with predominantly antibody defects,315.0,III. Diseases of the blood and blood-forming organs and certain disorders involving the immune mechanism,III. Blood & Immune Disorders,#ff9896
339,D81 Combined immunodeficiencies,11.0,III. Diseases of the blood and blood-forming organs and certain disorders involving the immune mechanism,III. Blood & Immune Disorders,#ff9896
340,D82 Immunodeficiency associated with other major defects,34.0,III. Diseases of the blood and blood-forming organs and certain disorders involving the immune mechanism,III. Blood & Immune Disorders,#ff9896
341,D83 Common variable immunodeficiency,36.0,III. Diseases of the blood and blood-forming organs and certain disorders involving the immune mechanism,III. Blood & Immune Disorders,#ff9896
342,D84 Other immunodeficiencies,143.0,III. Diseases of the blood and blood-forming organs and certain disorders involving the immune mechanism,III. Blood & Immune Disorders,#ff9896
343,D86 Sarcoidosis,1626.0,III. Diseases of the blood and blood-forming organs and certain disorders involving the immune mechanism,III. Blood & Immune Disorders,#ff9896
344,"D89 Other disorders involving the immune mechanism, not elsewhere classified",559.0,III. Diseases of the blood and blood-forming organs and certain disorders involving the immune mechanism,III. Blood & Immune Disorders,#ff9896
345,E01 Iodine-deficiency-related thyroid disorders and allied conditions,85.0,"IV. Endocrine, nutritional and metabolic diseases",IV. Metabolic Diseases,#2ca02c
346,E02 Subclinical iodine-deficiency hypothyroidism,115.0,"IV. Endocrine, nutritional and metabolic diseases",IV. Metabolic Diseases,#2ca02c
347,E03 Other hypothyroidism,30100.0,"IV. Endocrine, nutritional and metabolic diseases",IV. Metabolic Diseases,#2ca02c
348,E04 Other non-toxic goitre,4190.0,"IV. Endocrine, nutritional and metabolic diseases",IV. Metabolic Diseases,#2ca02c
349,E05 Thyrotoxicosis [hyperthyroidism],6343.0,"IV. Endocrine, nutritional and metabolic diseases",IV. Metabolic Diseases,#2ca02c
350,E06 Thyroiditis,1052.0,"IV. Endocrine, nutritional and metabolic diseases",IV. Metabolic Diseases,#2ca02c
351,E07 Other disorders of thyroid,1876.0,"IV. Endocrine, nutritional and metabolic diseases",IV. Metabolic Diseases,#2ca02c
352,E10 Insulin-dependent diabetes mellitus,4050.0,"IV. Endocrine, nutritional and metabolic diseases",IV. Metabolic Diseases,#2ca02c
353,E11 Non-insulin-dependent diabetes mellitus,32738.0,"IV. Endocrine, nutritional and metabolic diseases",IV. Metabolic Diseases,#2ca02c
354,E12 Malnutrition-related diabetes mellitus,5.0,"IV. Endocrine, nutritional and metabolic diseases",IV. Metabolic Diseases,#2ca02c
355,E13 Other specified diabetes mellitus,394.0,"IV. Endocrine, nutritional and metabolic diseases",IV. Metabolic Diseases,#2ca02c
356,E14 Unspecified diabetes mellitus,20057.0,"IV. Endocrine, nutritional and metabolic diseases",IV. Metabolic Diseases,#2ca02c
357,E15 Nondiabetic hypoglycaemic coma,27.0,"IV. Endocrine, nutritional and metabolic diseases",IV. Metabolic Diseases,#2ca02c
358,E16 Other disorders of pancreatic internal secretion,3293.0,"IV. Endocrine, nutritional and metabolic diseases",IV. Metabolic Diseases,#2ca02c
359,E20 Hypoparathyroidism,193.0,"IV. Endocrine, nutritional and metabolic diseases",IV. Metabolic Diseases,#2ca02c
360,E21 Hyperparathyroidism and other disorders of parathyroid gland,1855.0,"IV. Endocrine, nutritional and metabolic diseases",IV. Metabolic Diseases,#2ca02c
361,E22 Hyperfunction of pituitary gland,825.0,"IV. Endocrine, nutritional and metabolic diseases",IV. Metabolic Diseases,#2ca02c
362,E23 Hypofunction and other disorders of pituitary gland,990.0,"IV. Endocrine, nutritional and metabolic diseases",IV. Metabolic Diseases,#2ca02c
363,E24 Cushing's syndrome,188.0,"IV. Endocrine, nutritional and metabolic diseases",IV. Metabolic Diseases,#2ca02c
364,E25 Adrenogenital disorders,29.0,"IV. Endocrine, nutritional and metabolic diseases",IV. Metabolic Diseases,#2ca02c
365,E26 Hyperaldosteronism,138.0,"IV. Endocrine, nutritional and metabolic diseases",IV. Metabolic Diseases,#2ca02c
366,E27 Other disorders of adrenal gland,1112.0,"IV. Endocrine, nutritional and metabolic diseases",IV. Metabolic Diseases,#2ca02c
367,E28 Ovarian dysfunction,1819.0,"IV. Endocrine, nutritional and metabolic diseases",IV. Metabolic Diseases,#2ca02c
368,E29 Testicular dysfunction,479.0,"IV. Endocrine, nutritional and metabolic diseases",IV. Metabolic Diseases,#2ca02c
369,"E30 Disorders of puberty, not elsewhere classified",15.0,"IV. Endocrine, nutritional and metabolic diseases",IV. Metabolic Diseases,#2ca02c
370,E31 Polyglandular dysfunction,18.0,"IV. Endocrine, nutritional and metabolic diseases",IV. Metabolic Diseases,#2ca02c
371,E32 Diseases of thymus,32.0,"IV. Endocrine, nutritional and metabolic diseases",IV. Metabolic Diseases,#2ca02c
372,E34 Other endocrine disorders,320.0,"IV. Endocrine, nutritional and metabolic diseases",IV. Metabolic Diseases,#2ca02c
373,E35 Disorders of endocrine glands in diseases classified elsewhere,4.0,"IV. Endocrine, nutritional and metabolic diseases",IV. Metabolic Diseases,#2ca02c
374,E41 Nutritional marasmus,14.0,"IV. Endocrine, nutritional and metabolic diseases",IV. Metabolic Diseases,#2ca02c
375,E43 Unspecified severe protein-energy malnutrition,11.0,"IV. Endocrine, nutritional and metabolic diseases",IV. Metabolic Diseases,#2ca02c
376,E44 Protein-energy malnutrition of moderate and mild degree,5.0,"IV. Endocrine, nutritional and metabolic diseases",IV. Metabolic Diseases,#2ca02c
377,E45 Retarded development following protein-energy malnutrition,,"IV. Endocrine, nutritional and metabolic diseases",IV. Metabolic Diseases,#2ca02c
378,E46 Unspecified protein-energy malnutrition,420.0,"IV. Endocrine, nutritional and metabolic diseases",IV. Metabolic Diseases,#2ca02c
379,E50 Vitamin a deficiency,9.0,"IV. Endocrine, nutritional and metabolic diseases",IV. Metabolic Diseases,#2ca02c
380,E51 Thiamine deficiency,47.0,"IV. Endocrine, nutritional and metabolic diseases",IV. Metabolic Diseases,#2ca02c
381,E52 Niacin deficiency [pellagra],4.0,"IV. Endocrine, nutritional and metabolic diseases",IV. Metabolic Diseases,#2ca02c
382,E53 Deficiency of other b group vitamins,3042.0,"IV. Endocrine, nutritional and metabolic diseases",IV. Metabolic Diseases,#2ca02c
383,E54 Ascorbic acid deficiency,18.0,"IV. Endocrine, nutritional and metabolic diseases",IV. Metabolic Diseases,#2ca02c
384,E55 Vitamin d deficiency,3799.0,"IV. Endocrine, nutritional and metabolic diseases",IV. Metabolic Diseases,#2ca02c
385,E56 Other vitamin deficiencies,247.0,"IV. Endocrine, nutritional and metabolic diseases",IV. Metabolic Diseases,#2ca02c
386,E58 Dietary calcium deficiency,39.0,"IV. Endocrine, nutritional and metabolic diseases",IV. Metabolic Diseases,#2ca02c
387,E59 Dietary selenium deficiency,2.0,"IV. Endocrine, nutritional and metabolic diseases",IV. Metabolic Diseases,#2ca02c
388,E60 Dietary zinc deficiency,19.0,"IV. Endocrine, nutritional and metabolic diseases",IV. Metabolic Diseases,#2ca02c
389,E61 Deficiency of other nutrient elements,1028.0,"IV. Endocrine, nutritional and metabolic diseases",IV. Metabolic Diseases,#2ca02c
390,E63 Other nutritional deficiencies,41.0,"IV. Endocrine, nutritional and metabolic diseases",IV. Metabolic Diseases,#2ca02c
391,E64 Sequelae of malnutrition and other nutritional deficiencies,3.0,"IV. Endocrine, nutritional and metabolic diseases",IV. Metabolic Diseases,#2ca02c
392,E65 Localised adiposity,116.0,"IV. Endocrine, nutritional and metabolic diseases",IV. Metabolic Diseases,#2ca02c
393,E66 Obesity,35645.0,"IV. Endocrine, nutritional and metabolic diseases",IV. Metabolic Diseases,#2ca02c
394,E67 Other hyperalimentation,10.0,"IV. Endocrine, nutritional and metabolic diseases",IV. Metabolic Diseases,#2ca02c
395,E68 Sequelae of hyperalimentation,,"IV. Endocrine, nutritional and metabolic diseases",IV. Metabolic Diseases,#2ca02c
396,E70 Disorders of aromatic amino-acid metabolism,57.0,"IV. Endocrine, nutritional and metabolic diseases",IV. Metabolic Diseases,#2ca02c
397,E71 Disorders of branched-chain amino-acid metabolism and fatty-acid metabolism,12.0,"IV. Endocrine, nutritional and metabolic diseases",IV. Metabolic Diseases,#2ca02c
398,E72 Other disorders of amino-acid metabolism,78.0,"IV. Endocrine, nutritional and metabolic diseases",IV. Metabolic Diseases,#2ca02c
399,E73 Lactose intolerance,398.0,"IV. Endocrine, nutritional and metabolic diseases",IV. Metabolic Diseases,#2ca02c
400,E74 Other disorders of carbohydrate metabolism,345.0,"IV. Endocrine, nutritional and metabolic diseases",IV. Metabolic Diseases,#2ca02c
401,E75 Disorders of sphingolipid metabolism and other lipid storage disorders,93.0,"IV. Endocrine, nutritional and metabolic diseases",IV. Metabolic Diseases,#2ca02c
402,E76 Disorders of glycosaminoglycan metabolism,7.0,"IV. Endocrine, nutritional and metabolic diseases",IV. Metabolic Diseases,#2ca02c
403,E77 Disorders of glycoprotein metabolism,20.0,"IV. Endocrine, nutritional and metabolic diseases",IV. Metabolic Diseases,#2ca02c
404,E78 Disorders of lipoprotein metabolism and other lipidaemias,92742.0,"IV. Endocrine, nutritional and metabolic diseases",IV. Metabolic Diseases,#2ca02c
405,E79 Disorders of purine and pyrimidine metabolism,427.0,"IV. Endocrine, nutritional and metabolic diseases",IV. Metabolic Diseases,#2ca02c
406,E80 Disorders of porphyrin and bilirubin metabolism,1406.0,"IV. Endocrine, nutritional and metabolic diseases",IV. Metabolic Diseases,#2ca02c
407,E83 Disorders of mineral metabolism,5775.0,"IV. Endocrine, nutritional and metabolic diseases",IV. Metabolic Diseases,#2ca02c
408,E84 Cystic fibrosis,111.0,"IV. Endocrine, nutritional and metabolic diseases",IV. Metabolic Diseases,#2ca02c
409,E85 Amyloidosis,317.0,"IV. Endocrine, nutritional and metabolic diseases",IV. Metabolic Diseases,#2ca02c
410,E86 Volume depletion,7017.0,"IV. Endocrine, nutritional and metabolic diseases",IV. Metabolic Diseases,#2ca02c
411,"E87 Other disorders of fluid, electrolyte and acid-base balance",15861.0,"IV. Endocrine, nutritional and metabolic diseases",IV. Metabolic Diseases,#2ca02c
412,E88 Other metabolic disorders,1114.0,"IV. Endocrine, nutritional and metabolic diseases",IV. Metabolic Diseases,#2ca02c
413,"E89 Postprocedural endocrine and metabolic disorders, not elsewhere classified",2536.0,"IV. Endocrine, nutritional and metabolic diseases",IV. Metabolic Diseases,#2ca02c
414,F00 Dementia in alzheimer's disease,1341.0,V. Mental and behavioural disorders,V. Mental Disorders,#9edae5
415,F01 Vascular dementia,1028.0,V. Mental and behavioural disorders,V. Mental Disorders,#9edae5
416,F02 Dementia in other diseases classified elsewhere,567.0,V. Mental and behavioural disorders,V. Mental Disorders,#9edae5
417,F03 Unspecified dementia,2352.0,V. Mental and behavioural disorders,V. Mental Disorders,#9edae5
418,"F04 Organic amnesic syndrome, not induced by alcohol and other psychoactive substances",19.0,V. Mental and behavioural disorders,V. Mental Disorders,#9edae5
419,"F05 Delirium, not induced by alcohol and other psychoactive substances",3691.0,V. Mental and behavioural disorders,V. Mental Disorders,#9edae5
420,F06 Other mental disorders due to brain damage and dysfunction and to physical disease,912.0,V. Mental and behavioural disorders,V. Mental Disorders,#9edae5
421,"F07 Personality and behavioural disorders due to brain disease, damage and dysfunction",180.0,V. Mental and behavioural disorders,V. Mental Disorders,#9edae5
422,F09 Unspecified organic or symptomatic mental disorder,391.0,V. Mental and behavioural disorders,V. Mental Disorders,#9edae5
423,F10 Mental and behavioural disorders due to use of alcohol,9391.0,V. Mental and behavioural disorders,V. Mental Disorders,#9edae5
424,F11 Mental and behavioural disorders due to use of opioids,255.0,V. Mental and behavioural disorders,V. Mental Disorders,#9edae5
425,F12 Mental and behavioural disorders due to use of cannabinoids,306.0,V. Mental and behavioural disorders,V. Mental Disorders,#9edae5
426,F13 Mental and behavioural disorders due to use of sedatives or hypnotics,217.0,V. Mental and behavioural disorders,V. Mental Disorders,#9edae5
427,F14 Mental and behavioural disorders due to use of cocaine,62.0,V. Mental and behavioural disorders,V. Mental Disorders,#9edae5
428,"F15 Mental and behavioural disorders due to use of other stimulants, including caffeine",60.0,V. Mental and behavioural disorders,V. Mental Disorders,#9edae5
429,F16 Mental and behavioural disorders due to use of hallucinogens,30.0,V. Mental and behavioural disorders,V. Mental Disorders,#9edae5
430,F17 Mental and behavioural disorders due to use of tobacco,34472.0,V. Mental and behavioural disorders,V. Mental Disorders,#9edae5
431,F18 Mental and behavioural disorders due to use of volatile solvents,7.0,V. Mental and behavioural disorders,V. Mental Disorders,#9edae5
432,F19 Mental and behavioural disorders due to multiple drug use and use of other psychoactive substances,243.0,V. Mental and behavioural disorders,V. Mental Disorders,#9edae5
433,F20 Schizophrenia,1043.0,V. Mental and behavioural disorders,V. Mental Disorders,#9edae5
434,F21 Schizotypal disorder,19.0,V. Mental and behavioural disorders,V. Mental Disorders,#9edae5
435,F22 Persistent delusional disorders,417.0,V. Mental and behavioural disorders,V. Mental Disorders,#9edae5
436,F23 Acute and transient psychotic disorders,236.0,V. Mental and behavioural disorders,V. Mental Disorders,#9edae5
437,F24 Induced delusional disorder,3.0,V. Mental and behavioural disorders,V. Mental Disorders,#9edae5
438,F25 Schizoaffective disorders,260.0,V. Mental and behavioural disorders,V. Mental Disorders,#9edae5
439,F28 Other nonorganic psychotic disorders,11.0,V. Mental and behavioural disorders,V. Mental Disorders,#9edae5
440,F29 Unspecified nonorganic psychosis,461.0,V. Mental and behavioural disorders,V. Mental Disorders,#9edae5
441,F30 Manic episode,385.0,V. Mental and behavioural disorders,V. Mental Disorders,#9edae5
442,F31 Bipolar affective disorder,1566.0,V. Mental and behavioural disorders,V. Mental Disorders,#9edae5
443,F32 Depressive episode,46169.0,V. Mental and behavioural disorders,V. Mental Disorders,#9edae5
444,F33 Recurrent depressive disorder,3026.0,V. Mental and behavioural disorders,V. Mental Disorders,#9edae5
445,F34 Persistent mood [affective] disorders,736.0,V. Mental and behavioural disorders,V. Mental Disorders,#9edae5
446,F38 Other mood [affective] disorders,129.0,V. Mental and behavioural disorders,V. Mental Disorders,#9edae5
447,F39 Unspecified mood [affective] disorder,722.0,V. Mental and behavioural disorders,V. Mental Disorders,#9edae5
448,F40 Phobic anxiety disorders,3145.0,V. Mental and behavioural disorders,V. Mental Disorders,#9edae5
449,F41 Other anxiety disorders,23991.0,V. Mental and behavioural disorders,V. Mental Disorders,#9edae5
450,F42 Obsessive-compulsive disorder,702.0,V. Mental and behavioural disorders,V. Mental Disorders,#9edae5
451,"F43 Reaction to severe stress, and adjustment disorders",11680.0,V. Mental and behavioural disorders,V. Mental Disorders,#9edae5
452,F44 Dissociative [conversion] disorders,272.0,V. Mental and behavioural disorders,V. Mental Disorders,#9edae5
453,F45 Somatoform disorders,2451.0,V. Mental and behavioural disorders,V. Mental Disorders,#9edae5
454,F48 Other neurotic disorders,304.0,V. Mental and behavioural disorders,V. Mental Disorders,#9edae5
455,F50 Eating disorders,752.0,V. Mental and behavioural disorders,V. Mental Disorders,#9edae5
456,F51 Nonorganic sleep disorders,453.0,V. Mental and behavioural disorders,V. Mental Disorders,#9edae5
457,"F52 Sexual dysfunction, not caused by organic disorder or disease",1912.0,V. Mental and behavioural disorders,V. Mental Disorders,#9edae5
458,"F53 Mental and behavioural disorders associated with the puerperium, not elsewhere classified",1009.0,V. Mental and behavioural disorders,V. Mental Disorders,#9edae5
459,F54 Psychological and behavioural factors associated with disorders or diseases classified elsewhere,10.0,V. Mental and behavioural disorders,V. Mental Disorders,#9edae5
460,F55 Abuse of non-dependence-producing substances,24.0,V. Mental and behavioural disorders,V. Mental Disorders,#9edae5
461,F59 Unspecified behavioural syndromes associated with physiological disturbances and physical factors,3.0,V. Mental and behavioural disorders,V. Mental Disorders,#9edae5
462,F60 Specific personality disorders,628.0,V. Mental and behavioural disorders,V. Mental Disorders,#9edae5
463,F61 Mixed and other personality disorders,29.0,V. Mental and behavioural disorders,V. Mental Disorders,#9edae5
464,"F62 Enduring personality changes, not attributable to brain damage and disease",36.0,V. Mental and behavioural disorders,V. Mental Disorders,#9edae5
465,F63 Habit and impulse disorders,44.0,V. Mental and behavioural disorders,V. Mental Disorders,#9edae5
466,F64 Gender identity disorders,74.0,V. Mental and behavioural disorders,V. Mental Disorders,#9edae5
467,F65 Disorders of sexual preference,25.0,V. Mental and behavioural disorders,V. Mental Disorders,#9edae5
468,F66 Psychological and behavioural disorders associated with sexual development and orientation,302.0,V. Mental and behavioural disorders,V. Mental Disorders,#9edae5
469,F68 Other disorders of adult personality and behaviour,12.0,V. Mental and behavioural disorders,V. Mental Disorders,#9edae5
470,F69 Unspecified disorder of adult personality and behaviour,123.0,V. Mental and behavioural disorders,V. Mental Disorders,#9edae5
471,F70 Mild mental retardation,50.0,V. Mental and behavioural disorders,V. Mental Disorders,#9edae5
472,F71 Moderate mental retardation,10.0,V. Mental and behavioural disorders,V. Mental Disorders,#9edae5
473,F72 Severe mental retardation,3.0,V. Mental and behavioural disorders,V. Mental Disorders,#9edae5
474,F78 Other mental retardation,2.0,V. Mental and behavioural disorders,V. Mental Disorders,#9edae5
475,F79 Unspecified mental retardation,101.0,V. Mental and behavioural disorders,V. Mental Disorders,#9edae5
476,F80 Specific developmental disorders of speech and language,247.0,V. Mental and behavioural disorders,V. Mental Disorders,#9edae5
477,F81 Specific developmental disorders of scholastic skills,360.0,V. Mental and behavioural disorders,V. Mental Disorders,#9edae5
478,F82 Specific developmental disorder of motor function,15.0,V. Mental and behavioural disorders,V. Mental Disorders,#9edae5
479,F83 Mixed specific developmental disorders,1.0,V. Mental and behavioural disorders,V. Mental Disorders,#9edae5
480,F84 Pervasive developmental disorders,206.0,V. Mental and behavioural disorders,V. Mental Disorders,#9edae5
481,F88 Other disorders of psychological development,2.0,V. Mental and behavioural disorders,V. Mental Disorders,#9edae5
482,F89 Unspecified disorder of psychological development,6.0,V. Mental and behavioural disorders,V. Mental Disorders,#9edae5
483,F90 Hyperkinetic disorders,49.0,V. Mental and behavioural disorders,V. Mental Disorders,#9edae5
484,F91 Conduct disorders,118.0,V. Mental and behavioural disorders,V. Mental Disorders,#9edae5
485,F92 Mixed disorders of conduct and emotions,6.0,V. Mental and behavioural disorders,V. Mental Disorders,#9edae5
486,F93 Emotional disorders with onset specific to childhood,22.0,V. Mental and behavioural disorders,V. Mental Disorders,#9edae5
487,F94 Disorders of social functioning with onset specific to childhood and adolescence,3.0,V. Mental and behavioural disorders,V. Mental Disorders,#9edae5
488,F95 Tic disorders,39.0,V. Mental and behavioural disorders,V. Mental Disorders,#9edae5
489,F98 Other behavioural and emotional disorders with onset usually occurring in childhood and adolescence,132.0,V. Mental and behavioural disorders,V. Mental Disorders,#9edae5
490,"F99 Mental disorder, not otherwise specified",350.0,V. Mental and behavioural disorders,V. Mental Disorders,#9edae5
491,"G00 Bacterial meningitis, not elsewhere classified",176.0,VI. Diseases of the nervous system,VI. Nervous System Diseases,#7f7f7f
492,G01 Meningitis in bacterial diseases classified elsewhere,43.0,VI. Diseases of the nervous system,VI. Nervous System Diseases,#7f7f7f
493,G02 Meningitis in other infectious and parasitic diseases classified elsewhere,74.0,VI. Diseases of the nervous system,VI. Nervous System Diseases,#7f7f7f
494,G03 Meningitis due to other and unspecified causes,1912.0,VI. Diseases of the nervous system,VI. Nervous System Diseases,#7f7f7f
495,"G04 Encephalitis, myelitis and encephalomyelitis",620.0,VI. Diseases of the nervous system,VI. Nervous System Diseases,#7f7f7f
496,"G05 Encephalitis, myelitis and encephalomyelitis in diseases classified elsewhere",79.0,VI. Diseases of the nervous system,VI. Nervous System Diseases,#7f7f7f
497,G06 Intracranial and intraspinal abscess and granuloma,281.0,VI. Diseases of the nervous system,VI. Nervous System Diseases,#7f7f7f
498,G07 Intracranial and intraspinal abscess and granuloma in diseases classified elsewhere,4.0,VI. Diseases of the nervous system,VI. Nervous System Diseases,#7f7f7f
499,G08 Intracranial and intraspinal phlebitis and thrombophlebitis,84.0,VI. Diseases of the nervous system,VI. Nervous System Diseases,#7f7f7f
500,G09 Sequelae of inflammatory diseases of central nervous system,78.0,VI. Diseases of the nervous system,VI. Nervous System Diseases,#7f7f7f
501,G10 Huntington's disease,41.0,VI. Diseases of the nervous system,VI. Nervous System Diseases,#7f7f7f
502,G11 Hereditary ataxia,306.0,VI. Diseases of the nervous system,VI. Nervous System Diseases,#7f7f7f
503,G12 Spinal muscular atrophy and related syndromes,513.0,VI. Diseases of the nervous system,VI. Nervous System Diseases,#7f7f7f
504,G13 Systemic atrophies primarily affecting central nervous system in diseases classified elsewhere,22.0,VI. Diseases of the nervous system,VI. Nervous System Diseases,#7f7f7f
505,G14 Postpolio syndrome,61.0,VI. Diseases of the nervous system,VI. Nervous System Diseases,#7f7f7f
506,G20 Parkinson's disease,2723.0,VI. Diseases of the nervous system,VI. Nervous System Diseases,#7f7f7f
507,G21 Secondary parkinsonism,180.0,VI. Diseases of the nervous system,VI. Nervous System Diseases,#7f7f7f
508,G22 Parkinsonism in diseases classified elsewhere,3.0,VI. Diseases of the nervous system,VI. Nervous System Diseases,#7f7f7f
509,G23 Other degenerative diseases of basal ganglia,202.0,VI. Diseases of the nervous system,VI. Nervous System Diseases,#7f7f7f
510,G24 Dystonia,957.0,VI. Diseases of the nervous system,VI. Nervous System Diseases,#7f7f7f
511,G25 Other extrapyramidal and movement disorders,4177.0,VI. Diseases of the nervous system,VI. Nervous System Diseases,#7f7f7f
512,G30 Alzheimer's disease,1915.0,VI. Diseases of the nervous system,VI. Nervous System Diseases,#7f7f7f
513,"G31 Other degenerative diseases of nervous system, not elsewhere classified",1857.0,VI. Diseases of the nervous system,VI. Nervous System Diseases,#7f7f7f
514,G32 Other degenerative disorders of nervous system in diseases classified elsewhere,40.0,VI. Diseases of the nervous system,VI. Nervous System Diseases,#7f7f7f
515,G35 Multiple sclerosis,1968.0,VI. Diseases of the nervous system,VI. Nervous System Diseases,#7f7f7f
516,G36 Other acute disseminated demyelination,30.0,VI. Diseases of the nervous system,VI. Nervous System Diseases,#7f7f7f
517,G37 Other demyelinating diseases of central nervous system,506.0,VI. Diseases of the nervous system,VI. Nervous System Diseases,#7f7f7f
518,G40 Epilepsy,6575.0,VI. Diseases of the nervous system,VI. Nervous System Diseases,#7f7f7f
519,G41 Status epilepticus,247.0,VI. Diseases of the nervous system,VI. Nervous System Diseases,#7f7f7f
520,G43 Migraine,20508.0,VI. Diseases of the nervous system,VI. Nervous System Diseases,#7f7f7f
521,G44 Other headache syndromes,4740.0,VI. Diseases of the nervous system,VI. Nervous System Diseases,#7f7f7f
522,G45 Transient cerebral ischaemic attacks and related syndromes,7401.0,VI. Diseases of the nervous system,VI. Nervous System Diseases,#7f7f7f
523,G46 Vascular syndromes of brain in cerebrovascular diseases,202.0,VI. Diseases of the nervous system,VI. Nervous System Diseases,#7f7f7f
524,G47 Sleep disorders,15217.0,VI. Diseases of the nervous system,VI. Nervous System Diseases,#7f7f7f
525,G50 Disorders of trigeminal nerve,2532.0,VI. Diseases of the nervous system,VI. Nervous System Diseases,#7f7f7f
526,G51 Facial nerve disorders,2758.0,VI. Diseases of the nervous system,VI. Nervous System Diseases,#7f7f7f
527,G52 Disorders of other cranial nerves,372.0,VI. Diseases of the nervous system,VI. Nervous System Diseases,#7f7f7f
528,G53 Cranial nerve disorders in diseases classified elsewhere,175.0,VI. Diseases of the nervous system,VI. Nervous System Diseases,#7f7f7f
529,G54 Nerve root and plexus disorders,1086.0,VI. Diseases of the nervous system,VI. Nervous System Diseases,#7f7f7f
530,G55 Nerve root and plexus compressions in diseases classified elsewhere,6587.0,VI. Diseases of the nervous system,VI. Nervous System Diseases,#7f7f7f
531,G56 Mononeuropathies of upper limb,19724.0,VI. Diseases of the nervous system,VI. Nervous System Diseases,#7f7f7f
532,G57 Mononeuropathies of lower limb,4142.0,VI. Diseases of the nervous system,VI. Nervous System Diseases,#7f7f7f
533,G58 Other mononeuropathies,797.0,VI. Diseases of the nervous system,VI. Nervous System Diseases,#7f7f7f
534,G59 Mononeuropathy in diseases classified elsewhere,272.0,VI. Diseases of the nervous system,VI. Nervous System Diseases,#7f7f7f
535,G60 Hereditary and idiopathic neuropathy,419.0,VI. Diseases of the nervous system,VI. Nervous System Diseases,#7f7f7f
536,G61 Inflammatory polyneuropathy,533.0,VI. Diseases of the nervous system,VI. Nervous System Diseases,#7f7f7f
537,G62 Other polyneuropathies,3742.0,VI. Diseases of the nervous system,VI. Nervous System Diseases,#7f7f7f
538,G63 Polyneuropathy in diseases classified elsewhere,1006.0,VI. Diseases of the nervous system,VI. Nervous System Diseases,#7f7f7f
539,G64 Other disorders of peripheral nervous system,230.0,VI. Diseases of the nervous system,VI. Nervous System Diseases,#7f7f7f
540,G70 Myasthenia gravis and other myoneural disorders,396.0,VI. Diseases of the nervous system,VI. Nervous System Diseases,#7f7f7f
541,G71 Primary disorders of muscles,260.0,VI. Diseases of the nervous system,VI. Nervous System Diseases,#7f7f7f
542,G72 Other myopathies,346.0,VI. Diseases of the nervous system,VI. Nervous System Diseases,#7f7f7f
543,G73 Disorders of myoneural junction and muscle in diseases classified elsewhere,33.0,VI. Diseases of the nervous system,VI. Nervous System Diseases,#7f7f7f
544,G80 Infantile cerebral palsy,256.0,VI. Diseases of the nervous system,VI. Nervous System Diseases,#7f7f7f
545,G81 Hemiplegia,3149.0,VI. Diseases of the nervous system,VI. Nervous System Diseases,#7f7f7f
546,G82 Paraplegia and tetraplegia,510.0,VI. Diseases of the nervous system,VI. Nervous System Diseases,#7f7f7f
547,G83 Other paralytic syndromes,1062.0,VI. Diseases of the nervous system,VI. Nervous System Diseases,#7f7f7f
548,G90 Disorders of autonomic nervous system,560.0,VI. Diseases of the nervous system,VI. Nervous System Diseases,#7f7f7f
549,G91 Hydrocephalus,811.0,VI. Diseases of the nervous system,VI. Nervous System Diseases,#7f7f7f
550,G92 Toxic encephalopathy,16.0,VI. Diseases of the nervous system,VI. Nervous System Diseases,#7f7f7f
551,G93 Other disorders of brain,3992.0,VI. Diseases of the nervous system,VI. Nervous System Diseases,#7f7f7f
552,G94 Other disorders of brain in diseases classified elsewhere,122.0,VI. Diseases of the nervous system,VI. Nervous System Diseases,#7f7f7f
553,G95 Other diseases of spinal cord,1512.0,VI. Diseases of the nervous system,VI. Nervous System Diseases,#7f7f7f
554,G96 Other disorders of central nervous system,434.0,VI. Diseases of the nervous system,VI. Nervous System Diseases,#7f7f7f
555,"G97 Postprocedural disorders of nervous system, not elsewhere classified",298.0,VI. Diseases of the nervous system,VI. Nervous System Diseases,#7f7f7f
556,"G98 Other disorders of nervous system, not elsewhere classified",1690.0,VI. Diseases of the nervous system,VI. Nervous System Diseases,#7f7f7f
557,G99 Other disorders of nervous system in diseases classified elsewhere,1857.0,VI. Diseases of the nervous system,VI. Nervous System Diseases,#7f7f7f
558,H00 Hordeolum and chalazion,10304.0,VII. Diseases of the eye and adnexa,VII. Eye Diseases,#aec7e8
559,H01 Other inflammation of eyelid,4354.0,VII. Diseases of the eye and adnexa,VII. Eye Diseases,#aec7e8
560,H02 Other disorders of eyelid,10427.0,VII. Diseases of the eye and adnexa,VII. Eye Diseases,#aec7e8
561,H03 Disorders of eyelid in diseases classified elsewhere,72.0,VII. Diseases of the eye and adnexa,VII. Eye Diseases,#aec7e8
562,H04 Disorders of lachrymal system,12300.0,VII. Diseases of the eye and adnexa,VII. Eye Diseases,#aec7e8
563,H05 Disorders of orbit,928.0,VII. Diseases of the eye and adnexa,VII. Eye Diseases,#aec7e8
564,H06 Disorders of lachrymal system and orbit in diseases classified elsewhere,172.0,VII. Diseases of the eye and adnexa,VII. Eye Diseases,#aec7e8
565,H10 Conjunctivitis,19057.0,VII. Diseases of the eye and adnexa,VII. Eye Diseases,#aec7e8
566,H11 Other disorders of conjunctiva,7008.0,VII. Diseases of the eye and adnexa,VII. Eye Diseases,#aec7e8
567,H13 Disorders of conjunctiva in diseases classified elsewhere,121.0,VII. Diseases of the eye and adnexa,VII. Eye Diseases,#aec7e8
568,H15 Disorders of sclera,1032.0,VII. Diseases of the eye and adnexa,VII. Eye Diseases,#aec7e8
569,H16 Keratitis,1351.0,VII. Diseases of the eye and adnexa,VII. Eye Diseases,#aec7e8
570,H17 Corneal scars and opacities,383.0,VII. Diseases of the eye and adnexa,VII. Eye Diseases,#aec7e8
571,H18 Other disorders of cornea,2982.0,VII. Diseases of the eye and adnexa,VII. Eye Diseases,#aec7e8
572,H19 Disorders of sclera and cornea in diseases classified elsewhere,151.0,VII. Diseases of the eye and adnexa,VII. Eye Diseases,#aec7e8
573,H20 Iridocyclitis,2299.0,VII. Diseases of the eye and adnexa,VII. Eye Diseases,#aec7e8
574,H21 Other disorders of iris and ciliary body,881.0,VII. Diseases of the eye and adnexa,VII. Eye Diseases,#aec7e8
575,H22 Disorders of iris and ciliary body in diseases classified elsewhere,59.0,VII. Diseases of the eye and adnexa,VII. Eye Diseases,#aec7e8
576,H25 Senile cataract,20899.0,VII. Diseases of the eye and adnexa,VII. Eye Diseases,#aec7e8
577,H26 Other cataract,33220.0,VII. Diseases of the eye and adnexa,VII. Eye Diseases,#aec7e8
578,H27 Other disorders of lens,480.0,VII. Diseases of the eye and adnexa,VII. Eye Diseases,#aec7e8
579,H28 Cataract and other disorders of lens in diseases classified elsewhere,66.0,VII. Diseases of the eye and adnexa,VII. Eye Diseases,#aec7e8
580,H30 Chorioretinal inflammation,187.0,VII. Diseases of the eye and adnexa,VII. Eye Diseases,#aec7e8
581,H31 Other disorders of choroid,680.0,VII. Diseases of the eye and adnexa,VII. Eye Diseases,#aec7e8
582,H32 Chorioretinal disorders in diseases classified elsewhere,11.0,VII. Diseases of the eye and adnexa,VII. Eye Diseases,#aec7e8
583,H33 Retinal detachments and breaks,5727.0,VII. Diseases of the eye and adnexa,VII. Eye Diseases,#aec7e8
584,H34 Retinal vascular occlusions,1870.0,VII. Diseases of the eye and adnexa,VII. Eye Diseases,#aec7e8
585,H35 Other retinal disorders,12063.0,VII. Diseases of the eye and adnexa,VII. Eye Diseases,#aec7e8
586,H36 Retinal disorders in diseases classified elsewhere,3475.0,VII. Diseases of the eye and adnexa,VII. Eye Diseases,#aec7e8
587,H40 Glaucoma,14230.0,VII. Diseases of the eye and adnexa,VII. Eye Diseases,#aec7e8
588,H42 Glaucoma in diseases classified elsewhere,5.0,VII. Diseases of the eye and adnexa,VII. Eye Diseases,#aec7e8
589,H43 Disorders of vitreous body,8832.0,VII. Diseases of the eye and adnexa,VII. Eye Diseases,#aec7e8
590,H44 Disorders of globe,1668.0,VII. Diseases of the eye and adnexa,VII. Eye Diseases,#aec7e8
591,H45 Disorders of vitreous body and globe in diseases classified elsewhere,22.0,VII. Diseases of the eye and adnexa,VII. Eye Diseases,#aec7e8
592,H46 Optic neuritis,416.0,VII. Diseases of the eye and adnexa,VII. Eye Diseases,#aec7e8
593,H47 Other disorders of optic [2nd] nerve and visual pathways,1180.0,VII. Diseases of the eye and adnexa,VII. Eye Diseases,#aec7e8
594,H48 Disorders of optic [2nd] nerve and visual pathways in diseases classified elsewhere,12.0,VII. Diseases of the eye and adnexa,VII. Eye Diseases,#aec7e8
595,H49 Paralytic strabismus,648.0,VII. Diseases of the eye and adnexa,VII. Eye Diseases,#aec7e8
596,H50 Other strabismus,2042.0,VII. Diseases of the eye and adnexa,VII. Eye Diseases,#aec7e8
597,H51 Other disorders of binocular movement,196.0,VII. Diseases of the eye and adnexa,VII. Eye Diseases,#aec7e8
598,H52 Disorders of refraction and accommodation,7305.0,VII. Diseases of the eye and adnexa,VII. Eye Diseases,#aec7e8
599,H53 Visual disturbances,10024.0,VII. Diseases of the eye and adnexa,VII. Eye Diseases,#aec7e8
600,H54 Blindness and low vision,2867.0,VII. Diseases of the eye and adnexa,VII. Eye Diseases,#aec7e8
601,H55 Nystagmus and other irregular eye movements,510.0,VII. Diseases of the eye and adnexa,VII. Eye Diseases,#aec7e8
602,H57 Other disorders of eye and adnexa,6534.0,VII. Diseases of the eye and adnexa,VII. Eye Diseases,#aec7e8
603,H58 Other disorders of eye and adnexa in diseases classified elsewhere,153.0,VII. Diseases of the eye and adnexa,VII. Eye Diseases,#aec7e8
604,"H59 Postprocedural disorders of eye and adnexa, not elsewhere classified",400.0,VII. Diseases of the eye and adnexa,VII. Eye Diseases,#aec7e8
605,H60 Otitis externa,17705.0,VIII. Diseases of the ear and mastoid process,VIII. Ear Diseases,#dbdb8d
606,H61 Other disorders of external ear,24007.0,VIII. Diseases of the ear and mastoid process,VIII. Ear Diseases,#dbdb8d
607,H62 Disorders of external ear in diseases classified elsewhere,45.0,VIII. Diseases of the ear and mastoid process,VIII. Ear Diseases,#dbdb8d
608,H65 Nonsuppurative otitis media,4779.0,VIII. Diseases of the ear and mastoid process,VIII. Ear Diseases,#dbdb8d
609,H66 Suppurative and unspecified otitis media,8180.0,VIII. Diseases of the ear and mastoid process,VIII. Ear Diseases,#dbdb8d
610,H67 Otitis media in diseases classified elsewhere,11.0,VIII. Diseases of the ear and mastoid process,VIII. Ear Diseases,#dbdb8d
611,H68 Eustachian salpingitis and obstruction,1999.0,VIII. Diseases of the ear and mastoid process,VIII. Ear Diseases,#dbdb8d
612,H69 Other disorders of eustachian tube,2162.0,VIII. Diseases of the ear and mastoid process,VIII. Ear Diseases,#dbdb8d
613,H70 Mastoiditis and related conditions,230.0,VIII. Diseases of the ear and mastoid process,VIII. Ear Diseases,#dbdb8d
614,H71 Cholesteatoma of middle ear,567.0,VIII. Diseases of the ear and mastoid process,VIII. Ear Diseases,#dbdb8d
615,H72 Perforation of tympanic membrane,1762.0,VIII. Diseases of the ear and mastoid process,VIII. Ear Diseases,#dbdb8d
616,H73 Other disorders of tympanic membrane,608.0,VIII. Diseases of the ear and mastoid process,VIII. Ear Diseases,#dbdb8d
617,H74 Other disorders of middle ear and mastoid,746.0,VIII. Diseases of the ear and mastoid process,VIII. Ear Diseases,#dbdb8d
618,H75 Other disorders of middle ear and mastoid in diseases classified elsewhere,3.0,VIII. Diseases of the ear and mastoid process,VIII. Ear Diseases,#dbdb8d
619,H80 Otosclerosis,864.0,VIII. Diseases of the ear and mastoid process,VIII. Ear Diseases,#dbdb8d
620,H81 Disorders of vestibular function,10045.0,VIII. Diseases of the ear and mastoid process,VIII. Ear Diseases,#dbdb8d
621,H82 Vertiginous syndromes in diseases classified elsewhere,2.0,VIII. Diseases of the ear and mastoid process,VIII. Ear Diseases,#dbdb8d
622,H83 Other diseases of inner ear,9702.0,VIII. Diseases of the ear and mastoid process,VIII. Ear Diseases,#dbdb8d
623,H90 Conductive and sensorineural hearing loss,6494.0,VIII. Diseases of the ear and mastoid process,VIII. Ear Diseases,#dbdb8d
624,H91 Other hearing loss,13549.0,VIII. Diseases of the ear and mastoid process,VIII. Ear Diseases,#dbdb8d
625,H92 Otalgia and effusion of ear,13100.0,VIII. Diseases of the ear and mastoid process,VIII. Ear Diseases,#dbdb8d
626,"H93 Other disorders of ear, not elsewhere classified",11510.0,VIII. Diseases of the ear and mastoid process,VIII. Ear Diseases,#dbdb8d
627,H94 Other disorders of ear in diseases classified elsewhere,11.0,VIII. Diseases of the ear and mastoid process,VIII. Ear Diseases,#dbdb8d
628,"H95 Postprocedural disorders of ear and mastoid process, not elsewhere classified",138.0,VIII. Diseases of the ear and mastoid process,VIII. Ear Diseases,#dbdb8d
629,I00 Rheumatic fever without mention of heart involvement,1248.0,IX. Diseases of the circulatory system,IX. Circulatory Diseases,#d62728
630,I01 Rheumatic fever with heart involvement,24.0,IX. Diseases of the circulatory system,IX. Circulatory Diseases,#d62728
631,I02 Rheumatic chorea,23.0,IX. Diseases of the circulatory system,IX. Circulatory Diseases,#d62728
632,I05 Rheumatic mitral valve diseases,618.0,IX. Diseases of the circulatory system,IX. Circulatory Diseases,#d62728
633,I06 Rheumatic aortic valve diseases,84.0,IX. Diseases of the circulatory system,IX. Circulatory Diseases,#d62728
634,I07 Rheumatic tricuspid valve diseases,1119.0,IX. Diseases of the circulatory system,IX. Circulatory Diseases,#d62728
635,I08 Multiple valve diseases,4813.0,IX. Diseases of the circulatory system,IX. Circulatory Diseases,#d62728
636,I09 Other rheumatic heart diseases,100.0,IX. Diseases of the circulatory system,IX. Circulatory Diseases,#d62728
637,I10 Essential primary hypertension,121844.0,IX. Diseases of the circulatory system,IX. Circulatory Diseases,#d62728
638,I11 Hypertensive heart disease,543.0,IX. Diseases of the circulatory system,IX. Circulatory Diseases,#d62728
639,I12 Hypertensive renal disease,1770.0,IX. Diseases of the circulatory system,IX. Circulatory Diseases,#d62728
640,I13 Hypertensive heart and renal disease,87.0,IX. Diseases of the circulatory system,IX. Circulatory Diseases,#d62728
641,I15 Secondary hypertension,215.0,IX. Diseases of the circulatory system,IX. Circulatory Diseases,#d62728
642,I20 Angina pectoris,28131.0,IX. Diseases of the circulatory system,IX. Circulatory Diseases,#d62728
643,I21 Acute myocardial infarction,17162.0,IX. Diseases of the circulatory system,IX. Circulatory Diseases,#d62728
644,I22 Subsequent myocardial infarction,751.0,IX. Diseases of the circulatory system,IX. Circulatory Diseases,#d62728
645,I23 Certain current complications following acute myocardial infarction,70.0,IX. Diseases of the circulatory system,IX. Circulatory Diseases,#d62728
646,I24 Other acute ischaemic heart diseases,3436.0,IX. Diseases of the circulatory system,IX. Circulatory Diseases,#d62728
647,I25 Chronic ischaemic heart disease,37719.0,IX. Diseases of the circulatory system,IX. Circulatory Diseases,#d62728
648,I26 Pulmonary embolism,8450.0,IX. Diseases of the circulatory system,IX. Circulatory Diseases,#d62728
649,I27 Other pulmonary heart diseases,1941.0,IX. Diseases of the circulatory system,IX. Circulatory Diseases,#d62728
650,I28 Other diseases of pulmonary vessels,102.0,IX. Diseases of the circulatory system,IX. Circulatory Diseases,#d62728
651,I30 Acute pericarditis,513.0,IX. Diseases of the circulatory system,IX. Circulatory Diseases,#d62728
652,I31 Other diseases of pericardium,2375.0,IX. Diseases of the circulatory system,IX. Circulatory Diseases,#d62728
653,I32 Pericarditis in diseases classified elsewhere,13.0,IX. Diseases of the circulatory system,IX. Circulatory Diseases,#d62728
654,I33 Acute and subacute endocarditis,411.0,IX. Diseases of the circulatory system,IX. Circulatory Diseases,#d62728
655,I34 Nonrheumatic mitral valve disorders,5101.0,IX. Diseases of the circulatory system,IX. Circulatory Diseases,#d62728
656,I35 Nonrheumatic aortic valve disorders,5593.0,IX. Diseases of the circulatory system,IX. Circulatory Diseases,#d62728
657,I36 Nonrheumatic tricuspid valve disorders,340.0,IX. Diseases of the circulatory system,IX. Circulatory Diseases,#d62728
658,I37 Pulmonary valve disorders,429.0,IX. Diseases of the circulatory system,IX. Circulatory Diseases,#d62728
659,"I38 Endocarditis, valve unspecified",754.0,IX. Diseases of the circulatory system,IX. Circulatory Diseases,#d62728
660,I39 Endocarditis and heart valve disorders in diseases classified elsewhere,9.0,IX. Diseases of the circulatory system,IX. Circulatory Diseases,#d62728
661,I40 Acute myocarditis,60.0,IX. Diseases of the circulatory system,IX. Circulatory Diseases,#d62728
662,I41 Myocarditis in diseases classified elsewhere,8.0,IX. Diseases of the circulatory system,IX. Circulatory Diseases,#d62728
663,I42 Cardiomyopathy,2520.0,IX. Diseases of the circulatory system,IX. Circulatory Diseases,#d62728
664,I43 Cardiomyopathy in diseases classified elsewhere,85.0,IX. Diseases of the circulatory system,IX. Circulatory Diseases,#d62728
665,I44 Atrioventricular and left bundle-branch block,8252.0,IX. Diseases of the circulatory system,IX. Circulatory Diseases,#d62728
666,I45 Other conduction disorders,5220.0,IX. Diseases of the circulatory system,IX. Circulatory Diseases,#d62728
667,I46 Cardiac arrest,2053.0,IX. Diseases of the circulatory system,IX. Circulatory Diseases,#d62728
668,I47 Paroxysmal tachycardia,5902.0,IX. Diseases of the circulatory system,IX. Circulatory Diseases,#d62728
669,I48 Atrial fibrillation and flutter,26754.0,IX. Diseases of the circulatory system,IX. Circulatory Diseases,#d62728
670,I49 Other cardiac arrhythmias,9073.0,IX. Diseases of the circulatory system,IX. Circulatory Diseases,#d62728
671,I50 Heart failure,12273.0,IX. Diseases of the circulatory system,IX. Circulatory Diseases,#d62728
672,I51 Complications and ill-defined descriptions of heart disease,11738.0,IX. Diseases of the circulatory system,IX. Circulatory Diseases,#d62728
673,I52 Other heart disorders in diseases classified elsewhere,3.0,IX. Diseases of the circulatory system,IX. Circulatory Diseases,#d62728
674,I60 Subarachnoid haemorrhage,1444.0,IX. Diseases of the circulatory system,IX. Circulatory Diseases,#d62728
675,I61 Intracerebral haemorrhage,1515.0,IX. Diseases of the circulatory system,IX. Circulatory Diseases,#d62728
676,I62 Other nontraumatic intracranial haemorrhage,810.0,IX. Diseases of the circulatory system,IX. Circulatory Diseases,#d62728
677,I63 Cerebral infarction,6548.0,IX. Diseases of the circulatory system,IX. Circulatory Diseases,#d62728
678,"I64 Stroke, not specified as haemorrhage or infarction",7259.0,IX. Diseases of the circulatory system,IX. Circulatory Diseases,#d62728
679,"I65 Occlusion and stenosis of precerebral arteries, not resulting in cerebral infarction",1932.0,IX. Diseases of the circulatory system,IX. Circulatory Diseases,#d62728
680,"I66 Occlusion and stenosis of cerebral arteries, not resulting in cerebral infarction",148.0,IX. Diseases of the circulatory system,IX. Circulatory Diseases,#d62728
681,I67 Other cerebrovascular diseases,6667.0,IX. Diseases of the circulatory system,IX. Circulatory Diseases,#d62728
682,I68 Cerebrovascular disorders in diseases classified elsewhere,98.0,IX. Diseases of the circulatory system,IX. Circulatory Diseases,#d62728
683,I69 Sequelae of cerebrovascular disease,2368.0,IX. Diseases of the circulatory system,IX. Circulatory Diseases,#d62728
684,I70 Atherosclerosis,2545.0,IX. Diseases of the circulatory system,IX. Circulatory Diseases,#d62728
685,I71 Aortic aneurysm and dissection,3186.0,IX. Diseases of the circulatory system,IX. Circulatory Diseases,#d62728
686,I72 Other aneurysm,1085.0,IX. Diseases of the circulatory system,IX. Circulatory Diseases,#d62728
687,I73 Other peripheral vascular diseases,10044.0,IX. Diseases of the circulatory system,IX. Circulatory Diseases,#d62728
688,I74 Arterial embolism and thrombosis,1539.0,IX. Diseases of the circulatory system,IX. Circulatory Diseases,#d62728
689,I77 Other disorders of arteries and arterioles,2501.0,IX. Diseases of the circulatory system,IX. Circulatory Diseases,#d62728
690,I78 Diseases of capillaries,2287.0,IX. Diseases of the circulatory system,IX. Circulatory Diseases,#d62728
691,"I79 Disorders of arteries, arterioles and capillaries in diseases classified elsewhere",130.0,IX. Diseases of the circulatory system,IX. Circulatory Diseases,#d62728
692,I80 Phlebitis and thrombophlebitis,14550.0,IX. Diseases of the circulatory system,IX. Circulatory Diseases,#d62728
693,I81 Portal vein thrombosis,321.0,IX. Diseases of the circulatory system,IX. Circulatory Diseases,#d62728
694,I82 Other venous embolism and thrombosis,971.0,IX. Diseases of the circulatory system,IX. Circulatory Diseases,#d62728
695,I83 Varicose veins of lower extremities,19156.0,IX. Diseases of the circulatory system,IX. Circulatory Diseases,#d62728
696,I84 Haemorrhoids,25572.0,IX. Diseases of the circulatory system,IX. Circulatory Diseases,#d62728
697,I85 Oesophageal varices,895.0,IX. Diseases of the circulatory system,IX. Circulatory Diseases,#d62728
698,I86 Varicose veins of other sites,1763.0,IX. Diseases of the circulatory system,IX. Circulatory Diseases,#d62728
699,I87 Other disorders of veins,1498.0,IX. Diseases of the circulatory system,IX. Circulatory Diseases,#d62728
700,I88 Nonspecific lymphadenitis,375.0,IX. Diseases of the circulatory system,IX. Circulatory Diseases,#d62728
701,I89 Other non-infective disorders of lymphatic vessels and lymph nodes,2065.0,IX. Diseases of the circulatory system,IX. Circulatory Diseases,#d62728
702,I95 Hypotension,13253.0,IX. Diseases of the circulatory system,IX. Circulatory Diseases,#d62728
703,"I97 Postprocedural disorders of circulatory system, not elsewhere classified",310.0,IX. Diseases of the circulatory system,IX. Circulatory Diseases,#d62728
704,I98 Other disorders of circulatory system in diseases classified elsewhere,439.0,IX. Diseases of the circulatory system,IX. Circulatory Diseases,#d62728
705,I99 Other and unspecified disorders of circulatory system,464.0,IX. Diseases of the circulatory system,IX. Circulatory Diseases,#d62728
706,J00 Acute nasopharyngitis [common cold],4438.0,X. Diseases of the respiratory system,X. Respiratory Diseases,#17becf
707,J01 Acute sinusitis,19711.0,X. Diseases of the respiratory system,X. Respiratory Diseases,#17becf
708,J02 Acute pharyngitis,19269.0,X. Diseases of the respiratory system,X. Respiratory Diseases,#17becf
709,J03 Acute tonsillitis,13235.0,X. Diseases of the respiratory system,X. Respiratory Diseases,#17becf
710,J04 Acute laryngitis and tracheitis,3656.0,X. Diseases of the respiratory system,X. Respiratory Diseases,#17becf
711,J05 Acute obstructive laryngitis [croup] and epiglottitis,137.0,X. Diseases of the respiratory system,X. Respiratory Diseases,#17becf
712,J06 Acute upper respiratory infections of multiple and unspecified sites,41759.0,X. Diseases of the respiratory system,X. Respiratory Diseases,#17becf
713,J09 Influenza due to certain identified influenza virus,21.0,X. Diseases of the respiratory system,X. Respiratory Diseases,#17becf
714,J10 Influenza due to identified influenza virus,1252.0,X. Diseases of the respiratory system,X. Respiratory Diseases,#17becf
715,"J11 Influenza, virus not identified",8880.0,X. Diseases of the respiratory system,X. Respiratory Diseases,#17becf
716,"J12 Viral pneumonia, not elsewhere classified",710.0,X. Diseases of the respiratory system,X. Respiratory Diseases,#17becf
717,J13 Pneumonia due to streptococcus pneumoniae,844.0,X. Diseases of the respiratory system,X. Respiratory Diseases,#17becf
718,J14 Pneumonia due to haemophilus influenzae,181.0,X. Diseases of the respiratory system,X. Respiratory Diseases,#17becf
719,"J15 Bacterial pneumonia, not elsewhere classified",1096.0,X. Diseases of the respiratory system,X. Respiratory Diseases,#17becf
720,"J16 Pneumonia due to other infectious organisms, not elsewhere classified",83.0,X. Diseases of the respiratory system,X. Respiratory Diseases,#17becf
721,J17 Pneumonia in diseases classified elsewhere,273.0,X. Diseases of the respiratory system,X. Respiratory Diseases,#17becf
722,"J18 Pneumonia, organism unspecified",25641.0,X. Diseases of the respiratory system,X. Respiratory Diseases,#17becf
723,J20 Acute bronchitis,4413.0,X. Diseases of the respiratory system,X. Respiratory Diseases,#17becf
724,J21 Acute bronchiolitis,128.0,X. Diseases of the respiratory system,X. Respiratory Diseases,#17becf
725,J22 Unspecified acute lower respiratory infection,50475.0,X. Diseases of the respiratory system,X. Respiratory Diseases,#17becf
726,J30 Vasomotor and allergic rhinitis,39299.0,X. Diseases of the respiratory system,X. Respiratory Diseases,#17becf
727,"J31 Chronic rhinitis, nasopharyngitis and pharyngitis",5563.0,X. Diseases of the respiratory system,X. Respiratory Diseases,#17becf
728,J32 Chronic sinusitis,10710.0,X. Diseases of the respiratory system,X. Respiratory Diseases,#17becf
729,J33 Nasal polyp,6118.0,X. Diseases of the respiratory system,X. Respiratory Diseases,#17becf
730,J34 Other disorders of nose and nasal sinuses,14219.0,X. Diseases of the respiratory system,X. Respiratory Diseases,#17becf
731,J35 Chronic diseases of tonsils and adenoids,1510.0,X. Diseases of the respiratory system,X. Respiratory Diseases,#17becf
732,J36 Peritonsillar abscess,746.0,X. Diseases of the respiratory system,X. Respiratory Diseases,#17becf
733,J37 Chronic laryngitis and laryngotracheitis,476.0,X. Diseases of the respiratory system,X. Respiratory Diseases,#17becf
734,"J38 Diseases of vocal cords and larynx, not elsewhere classified",2873.0,X. Diseases of the respiratory system,X. Respiratory Diseases,#17becf
735,J39 Other diseases of upper respiratory tract,1500.0,X. Diseases of the respiratory system,X. Respiratory Diseases,#17becf
736,"J40 Bronchitis, not specified as acute or chronic",7687.0,X. Diseases of the respiratory system,X. Respiratory Diseases,#17becf
737,J41 Simple and mucopurulent chronic bronchitis,95.0,X. Diseases of the respiratory system,X. Respiratory Diseases,#17becf
738,J42 Unspecified chronic bronchitis,559.0,X. Diseases of the respiratory system,X. Respiratory Diseases,#17becf
739,J43 Emphysema,3676.0,X. Diseases of the respiratory system,X. Respiratory Diseases,#17becf
740,J44 Other chronic obstructive pulmonary disease,16863.0,X. Diseases of the respiratory system,X. Respiratory Diseases,#17becf
741,J45 Asthma,57082.0,X. Diseases of the respiratory system,X. Respiratory Diseases,#17becf
742,J46 Status asthmaticus,438.0,X. Diseases of the respiratory system,X. Respiratory Diseases,#17becf
743,J47 Bronchiectasis,4584.0,X. Diseases of the respiratory system,X. Respiratory Diseases,#17becf
744,J60 Coalworker's pneumoconiosis,42.0,X. Diseases of the respiratory system,X. Respiratory Diseases,#17becf
745,J61 Pneumoconiosis due to asbestos and other mineral fibres,537.0,X. Diseases of the respiratory system,X. Respiratory Diseases,#17becf
746,J62 Pneumoconiosis due to dust containing silica,17.0,X. Diseases of the respiratory system,X. Respiratory Diseases,#17becf
747,J63 Pneumoconiosis due to other inorganic dusts,25.0,X. Diseases of the respiratory system,X. Respiratory Diseases,#17becf
748,J64 Unspecified pneumoconiosis,48.0,X. Diseases of the respiratory system,X. Respiratory Diseases,#17becf
749,J66 Airway disease due to specific organic dust,2.0,X. Diseases of the respiratory system,X. Respiratory Diseases,#17becf
750,J67 Hypersensitivity pneumonitis due to organic dust,192.0,X. Diseases of the respiratory system,X. Respiratory Diseases,#17becf
751,"J68 Respiratory conditions due to inhalation of chemicals, gases, fumes and vapours",27.0,X. Diseases of the respiratory system,X. Respiratory Diseases,#17becf
752,J69 Pneumonitis due to solids and liquids,1997.0,X. Diseases of the respiratory system,X. Respiratory Diseases,#17becf
753,J70 Respiratory conditions due to other external agents,132.0,X. Diseases of the respiratory system,X. Respiratory Diseases,#17becf
754,J80 Adult respiratory distress syndrome,300.0,X. Diseases of the respiratory system,X. Respiratory Diseases,#17becf
755,J81 Pulmonary oedema,981.0,X. Diseases of the respiratory system,X. Respiratory Diseases,#17becf
756,"J82 Pulmonary eosinophilia, not elsewhere classified",160.0,X. Diseases of the respiratory system,X. Respiratory Diseases,#17becf
757,J84 Other interstitial pulmonary diseases,2768.0,X. Diseases of the respiratory system,X. Respiratory Diseases,#17becf
758,J85 Abscess of lung and mediastinum,185.0,X. Diseases of the respiratory system,X. Respiratory Diseases,#17becf
759,J86 Pyothorax,565.0,X. Diseases of the respiratory system,X. Respiratory Diseases,#17becf
760,"J90 Pleural effusion, not elsewhere classified",10870.0,X. Diseases of the respiratory system,X. Respiratory Diseases,#17becf
761,J91 Pleural effusion in conditions classified elsewhere,337.0,X. Diseases of the respiratory system,X. Respiratory Diseases,#17becf
762,J92 Pleural plaque,1863.0,X. Diseases of the respiratory system,X. Respiratory Diseases,#17becf
763,J93 Pneumothorax,2600.0,X. Diseases of the respiratory system,X. Respiratory Diseases,#17becf
764,J94 Other pleural conditions,617.0,X. Diseases of the respiratory system,X. Respiratory Diseases,#17becf
765,"J95 Postprocedural respiratory disorders, not elsewhere classified",584.0,X. Diseases of the respiratory system,X. Respiratory Diseases,#17becf
766,"J96 Respiratory failure, not elsewhere classified",5384.0,X. Diseases of the respiratory system,X. Respiratory Diseases,#17becf
767,J98 Other respiratory disorders,15500.0,X. Diseases of the respiratory system,X. Respiratory Diseases,#17becf
768,J99 Respiratory disorders in diseases classified elsewhere,386.0,X. Diseases of the respiratory system,X. Respiratory Diseases,#17becf
769,K00 Disorders of tooth development and eruption,231.0,XI. Diseases of the digestive system,XI. Digestive Diseases,#8c564b
770,K01 Embedded and impacted teeth,2238.0,XI. Diseases of the digestive system,XI. Digestive Diseases,#8c564b
771,K02 Dental caries,4787.0,XI. Diseases of the digestive system,XI. Digestive Diseases,#8c564b
772,K03 Other diseases of hard tissues of teeth,144.0,XI. Diseases of the digestive system,XI. Digestive Diseases,#8c564b
773,K04 Diseases of pulp and periapical tissues,6683.0,XI. Diseases of the digestive system,XI. Digestive Diseases,#8c564b
774,K05 Gingivitis and periodontal diseases,1672.0,XI. Diseases of the digestive system,XI. Digestive Diseases,#8c564b
775,K06 Other disorders of gingiva and edentulous alveolar ridge,616.0,XI. Diseases of the digestive system,XI. Digestive Diseases,#8c564b
776,K07 Dentofacial anomalies [including malocclusion],2138.0,XI. Diseases of the digestive system,XI. Digestive Diseases,#8c564b
777,K08 Other disorders of teeth and supporting structures,3951.0,XI. Diseases of the digestive system,XI. Digestive Diseases,#8c564b
778,"K09 Cysts of oral region, not elsewhere classified",749.0,XI. Diseases of the digestive system,XI. Digestive Diseases,#8c564b
779,K10 Other diseases of jaws,1552.0,XI. Diseases of the digestive system,XI. Digestive Diseases,#8c564b
780,K11 Diseases of salivary glands,2837.0,XI. Diseases of the digestive system,XI. Digestive Diseases,#8c564b
781,K12 Stomatitis and related lesions,3358.0,XI. Diseases of the digestive system,XI. Digestive Diseases,#8c564b
782,K13 Other diseases of lip and oral mucosa,6075.0,XI. Diseases of the digestive system,XI. Digestive Diseases,#8c564b
783,K14 Diseases of tongue,3097.0,XI. Diseases of the digestive system,XI. Digestive Diseases,#8c564b
784,K20 Oesophagitis,13664.0,XI. Diseases of the digestive system,XI. Digestive Diseases,#8c564b
785,K21 Gastro-oesophageal reflux disease,57621.0,XI. Diseases of the digestive system,XI. Digestive Diseases,#8c564b
786,K22 Other diseases of oesophagus,16766.0,XI. Diseases of the digestive system,XI. Digestive Diseases,#8c564b
787,K23 Disorders of oesophagus in diseases classified elsewhere,82.0,XI. Diseases of the digestive system,XI. Digestive Diseases,#8c564b
788,K25 Gastric ulcer,9665.0,XI. Diseases of the digestive system,XI. Digestive Diseases,#8c564b
789,K26 Duodenal ulcer,7601.0,XI. Diseases of the digestive system,XI. Digestive Diseases,#8c564b
790,"K27 Peptic ulcer, site unspecified",1452.0,XI. Diseases of the digestive system,XI. Digestive Diseases,#8c564b
791,K28 Gastrojejunal ulcer,91.0,XI. Diseases of the digestive system,XI. Digestive Diseases,#8c564b
792,K29 Gastritis and duodenitis,46399.0,XI. Diseases of the digestive system,XI. Digestive Diseases,#8c564b
793,K30 Dyspepsia,15533.0,XI. Diseases of the digestive system,XI. Digestive Diseases,#8c564b
794,K31 Other diseases of stomach and duodenum,14098.0,XI. Diseases of the digestive system,XI. Digestive Diseases,#8c564b
795,K35 Acute appendicitis,3931.0,XI. Diseases of the digestive system,XI. Digestive Diseases,#8c564b
796,K36 Other appendicitis,143.0,XI. Diseases of the digestive system,XI. Digestive Diseases,#8c564b
797,K37 Unspecified appendicitis,4876.0,XI. Diseases of the digestive system,XI. Digestive Diseases,#8c564b
798,K38 Other diseases of appendix,439.0,XI. Diseases of the digestive system,XI. Digestive Diseases,#8c564b
799,K40 Inguinal hernia,24122.0,XI. Diseases of the digestive system,XI. Digestive Diseases,#8c564b
800,K41 Femoral hernia,1138.0,XI. Diseases of the digestive system,XI. Digestive Diseases,#8c564b
801,K42 Umbilical hernia,6695.0,XI. Diseases of the digestive system,XI. Digestive Diseases,#8c564b
802,K43 Ventral hernia,5729.0,XI. Diseases of the digestive system,XI. Digestive Diseases,#8c564b
803,K44 Diaphragmatic hernia,43118.0,XI. Diseases of the digestive system,XI. Digestive Diseases,#8c564b
804,K45 Other abdominal hernia,213.0,XI. Diseases of the digestive system,XI. Digestive Diseases,#8c564b
805,K46 Unspecified abdominal hernia,1762.0,XI. Diseases of the digestive system,XI. Digestive Diseases,#8c564b
806,K50 Crohn's disease [regional enteritis],2563.0,XI. Diseases of the digestive system,XI. Digestive Diseases,#8c564b
807,K51 Ulcerative colitis,4931.0,XI. Diseases of the digestive system,XI. Digestive Diseases,#8c564b
808,K52 Other non-infective gastro-enteritis and colitis,22547.0,XI. Diseases of the digestive system,XI. Digestive Diseases,#8c564b
809,K55 Vascular disorders of intestine,2225.0,XI. Diseases of the digestive system,XI. Digestive Diseases,#8c564b
810,K56 Paralytic ileus and intestinal obstruction without hernia,7214.0,XI. Diseases of the digestive system,XI. Digestive Diseases,#8c564b
811,K57 Diverticular disease of intestine,49461.0,XI. Diseases of the digestive system,XI. Digestive Diseases,#8c564b
812,K58 Irritable bowel syndrome,27274.0,XI. Diseases of the digestive system,XI. Digestive Diseases,#8c564b
813,K59 Other functional intestinal disorders,25442.0,XI. Diseases of the digestive system,XI. Digestive Diseases,#8c564b
814,K60 Fissure and fistula of anal and rectal regions,5449.0,XI. Diseases of the digestive system,XI. Digestive Diseases,#8c564b
815,K61 Abscess of anal and rectal regions,2479.0,XI. Diseases of the digestive system,XI. Digestive Diseases,#8c564b
816,K62 Other diseases of anus and rectum,36313.0,XI. Diseases of the digestive system,XI. Digestive Diseases,#8c564b
817,K63 Other diseases of intestine,26483.0,XI. Diseases of the digestive system,XI. Digestive Diseases,#8c564b
818,K64 Haemorrhoids and perianal venous thrombosis,35010.0,XI. Diseases of the digestive system,XI. Digestive Diseases,#8c564b
819,K65 Peritonitis,2733.0,XI. Diseases of the digestive system,XI. Digestive Diseases,#8c564b
820,K66 Other disorders of peritoneum,6075.0,XI. Diseases of the digestive system,XI. Digestive Diseases,#8c564b
821,K67 Disorders of peritoneum in infectious diseases classified elsewhere,8.0,XI. Diseases of the digestive system,XI. Digestive Diseases,#8c564b
822,K70 Alcoholic liver disease,1605.0,XI. Diseases of the digestive system,XI. Digestive Diseases,#8c564b
823,K71 Toxic liver disease,151.0,XI. Diseases of the digestive system,XI. Digestive Diseases,#8c564b
824,"K72 Hepatic failure, not elsewhere classified",831.0,XI. Diseases of the digestive system,XI. Digestive Diseases,#8c564b
825,"K73 Chronic hepatitis, not elsewhere classified",270.0,XI. Diseases of the digestive system,XI. Digestive Diseases,#8c564b
826,K74 Fibrosis and cirrhosis of liver,1940.0,XI. Diseases of the digestive system,XI. Digestive Diseases,#8c564b
827,K75 Other inflammatory liver diseases,2044.0,XI. Diseases of the digestive system,XI. Digestive Diseases,#8c564b
828,K76 Other diseases of liver,10203.0,XI. Diseases of the digestive system,XI. Digestive Diseases,#8c564b
829,K77 Liver disorders in diseases classified elsewhere,37.0,XI. Diseases of the digestive system,XI. Digestive Diseases,#8c564b
830,K80 Cholelithiasis,25340.0,XI. Diseases of the digestive system,XI. Digestive Diseases,#8c564b
831,K81 Cholecystitis,4865.0,XI. Diseases of the digestive system,XI. Digestive Diseases,#8c564b
832,K82 Other diseases of gallbladder,3164.0,XI. Diseases of the digestive system,XI. Digestive Diseases,#8c564b
833,K83 Other diseases of biliary tract,3783.0,XI. Diseases of the digestive system,XI. Digestive Diseases,#8c564b
834,K85 Acute pancreatitis,3407.0,XI. Diseases of the digestive system,XI. Digestive Diseases,#8c564b
835,K86 Other diseases of pancreas,2343.0,XI. Diseases of the digestive system,XI. Digestive Diseases,#8c564b
836,"K87 Disorders of gallbladder, biliary tract and pancreas in diseases classified elsewhere",5.0,XI. Diseases of the digestive system,XI. Digestive Diseases,#8c564b
837,K90 Intestinal malabsorption,3836.0,XI. Diseases of the digestive system,XI. Digestive Diseases,#8c564b
838,"K91 Postprocedural disorders of digestive system, not elsewhere classified",2547.0,XI. Diseases of the digestive system,XI. Digestive Diseases,#8c564b
839,K92 Other diseases of digestive system,17549.0,XI. Diseases of the digestive system,XI. Digestive Diseases,#8c564b
840,K93 Disorders of other digestive organs in diseases classified elsewhere,20.0,XI. Diseases of the digestive system,XI. Digestive Diseases,#8c564b
841,L00 Staphylococcal scalded skin syndrome,7.0,XII. Diseases of the skin and subcutaneous tissue,XII. Skin Diseases,#c49c94
842,L01 Impetigo,1161.0,XII. Diseases of the skin and subcutaneous tissue,XII. Skin Diseases,#c49c94
843,"L02 Cutaneous abscess, furuncle and carbuncle",10129.0,XII. Diseases of the skin and subcutaneous tissue,XII. Skin Diseases,#c49c94
844,L03 Cellulitis,25550.0,XII. Diseases of the skin and subcutaneous tissue,XII. Skin Diseases,#c49c94
845,L04 Acute lymphadenitis,623.0,XII. Diseases of the skin and subcutaneous tissue,XII. Skin Diseases,#c49c94
846,L05 Pilonidal cyst,1251.0,XII. Diseases of the skin and subcutaneous tissue,XII. Skin Diseases,#c49c94
847,L08 Other local infections of skin and subcutaneous tissue,12214.0,XII. Diseases of the skin and subcutaneous tissue,XII. Skin Diseases,#c49c94
848,L10 Pemphigus,73.0,XII. Diseases of the skin and subcutaneous tissue,XII. Skin Diseases,#c49c94
849,L11 Other acantholytic disorders,98.0,XII. Diseases of the skin and subcutaneous tissue,XII. Skin Diseases,#c49c94
850,L12 Pemphigoid,168.0,XII. Diseases of the skin and subcutaneous tissue,XII. Skin Diseases,#c49c94
851,L13 Other bullous disorders,110.0,XII. Diseases of the skin and subcutaneous tissue,XII. Skin Diseases,#c49c94
852,L14 Bullous disorders in diseases classified elsewhere,1.0,XII. Diseases of the skin and subcutaneous tissue,XII. Skin Diseases,#c49c94
853,L20 Atopic dermatitis,11142.0,XII. Diseases of the skin and subcutaneous tissue,XII. Skin Diseases,#c49c94
854,L21 Seborrhoeic dermatitis,8031.0,XII. Diseases of the skin and subcutaneous tissue,XII. Skin Diseases,#c49c94
855,L22 Diaper [napkin] dermatitis,50.0,XII. Diseases of the skin and subcutaneous tissue,XII. Skin Diseases,#c49c94
856,L23 Allergic contact dermatitis,735.0,XII. Diseases of the skin and subcutaneous tissue,XII. Skin Diseases,#c49c94
857,L24 Irritant contact dermatitis,654.0,XII. Diseases of the skin and subcutaneous tissue,XII. Skin Diseases,#c49c94
858,L25 Unspecified contact dermatitis,2624.0,XII. Diseases of the skin and subcutaneous tissue,XII. Skin Diseases,#c49c94
859,L26 Exfoliative dermatitis,16.0,XII. Diseases of the skin and subcutaneous tissue,XII. Skin Diseases,#c49c94
860,L27 Dermatitis due to substances taken internally,992.0,XII. Diseases of the skin and subcutaneous tissue,XII. Skin Diseases,#c49c94
861,L28 Lichen simplex chronicus and prurigo,1380.0,XII. Diseases of the skin and subcutaneous tissue,XII. Skin Diseases,#c49c94
862,L29 Pruritus,10118.0,XII. Diseases of the skin and subcutaneous tissue,XII. Skin Diseases,#c49c94
863,L30 Other dermatitis,38463.0,XII. Diseases of the skin and subcutaneous tissue,XII. Skin Diseases,#c49c94
864,L40 Psoriasis,11840.0,XII. Diseases of the skin and subcutaneous tissue,XII. Skin Diseases,#c49c94
865,L41 Parapsoriasis,103.0,XII. Diseases of the skin and subcutaneous tissue,XII. Skin Diseases,#c49c94
866,L42 Pityriasis rosea,1304.0,XII. Diseases of the skin and subcutaneous tissue,XII. Skin Diseases,#c49c94
867,L43 Lichen planus,2070.0,XII. Diseases of the skin and subcutaneous tissue,XII. Skin Diseases,#c49c94
868,L44 Other papulosquamous disorders,65.0,XII. Diseases of the skin and subcutaneous tissue,XII. Skin Diseases,#c49c94
869,L50 Urticaria,8861.0,XII. Diseases of the skin and subcutaneous tissue,XII. Skin Diseases,#c49c94
870,L51 Erythema multiforme,285.0,XII. Diseases of the skin and subcutaneous tissue,XII. Skin Diseases,#c49c94
871,L52 Erythema nodosum,234.0,XII. Diseases of the skin and subcutaneous tissue,XII. Skin Diseases,#c49c94
872,L53 Other erythematous conditions,1267.0,XII. Diseases of the skin and subcutaneous tissue,XII. Skin Diseases,#c49c94
873,L54 Erythema in diseases classified elsewhere,2.0,XII. Diseases of the skin and subcutaneous tissue,XII. Skin Diseases,#c49c94
874,L55 Sunburn,324.0,XII. Diseases of the skin and subcutaneous tissue,XII. Skin Diseases,#c49c94
875,L56 Other acute skin changes due to ultraviolet radiation,510.0,XII. Diseases of the skin and subcutaneous tissue,XII. Skin Diseases,#c49c94
876,L57 Skin changes due to chronic exposure to nonionising radiation,16290.0,XII. Diseases of the skin and subcutaneous tissue,XII. Skin Diseases,#c49c94
877,L58 Radiodermatitis,21.0,XII. Diseases of the skin and subcutaneous tissue,XII. Skin Diseases,#c49c94
878,L59 Other disorders of skin and subcutaneous tissue related to radiation,67.0,XII. Diseases of the skin and subcutaneous tissue,XII. Skin Diseases,#c49c94
879,L60 Nail disorders,9129.0,XII. Diseases of the skin and subcutaneous tissue,XII. Skin Diseases,#c49c94
880,L62 Nail disorders in diseases classified elsewhere,1.0,XII. Diseases of the skin and subcutaneous tissue,XII. Skin Diseases,#c49c94
881,L63 Alopecia areata,729.0,XII. Diseases of the skin and subcutaneous tissue,XII. Skin Diseases,#c49c94
882,L64 Androgenic alopecia,133.0,XII. Diseases of the skin and subcutaneous tissue,XII. Skin Diseases,#c49c94
883,L65 Other nonscarring hair loss,2680.0,XII. Diseases of the skin and subcutaneous tissue,XII. Skin Diseases,#c49c94
884,L66 Cicatricial alopecia [scarring hair loss],185.0,XII. Diseases of the skin and subcutaneous tissue,XII. Skin Diseases,#c49c94
885,L67 Hair colour and hair shaft abnormalities,29.0,XII. Diseases of the skin and subcutaneous tissue,XII. Skin Diseases,#c49c94
886,L68 Hypertrichosis,430.0,XII. Diseases of the skin and subcutaneous tissue,XII. Skin Diseases,#c49c94
887,L70 Acne,4624.0,XII. Diseases of the skin and subcutaneous tissue,XII. Skin Diseases,#c49c94
888,L71 Rosacea,4780.0,XII. Diseases of the skin and subcutaneous tissue,XII. Skin Diseases,#c49c94
889,L72 Follicular cysts of skin and subcutaneous tissue,12753.0,XII. Diseases of the skin and subcutaneous tissue,XII. Skin Diseases,#c49c94
890,L73 Other follicular disorders,3035.0,XII. Diseases of the skin and subcutaneous tissue,XII. Skin Diseases,#c49c94
891,L74 Eccrine sweat disorders,907.0,XII. Diseases of the skin and subcutaneous tissue,XII. Skin Diseases,#c49c94
892,L75 Apocrine sweat disorders,12.0,XII. Diseases of the skin and subcutaneous tissue,XII. Skin Diseases,#c49c94
893,L80 Vitiligo,941.0,XII. Diseases of the skin and subcutaneous tissue,XII. Skin Diseases,#c49c94
894,L81 Other disorders of pigmentation,3784.0,XII. Diseases of the skin and subcutaneous tissue,XII. Skin Diseases,#c49c94
895,L82 Seborrhoeic keratosis,24615.0,XII. Diseases of the skin and subcutaneous tissue,XII. Skin Diseases,#c49c94
896,L83 Acanthosis nigricans,160.0,XII. Diseases of the skin and subcutaneous tissue,XII. Skin Diseases,#c49c94
897,L84 Corns and callosities,3086.0,XII. Diseases of the skin and subcutaneous tissue,XII. Skin Diseases,#c49c94
898,L85 Other epidermal thickening,3017.0,XII. Diseases of the skin and subcutaneous tissue,XII. Skin Diseases,#c49c94
899,L86 Keratoderma in diseases classified elsewhere,,XII. Diseases of the skin and subcutaneous tissue,XII. Skin Diseases,#c49c94
900,L87 Transepidermal elimination disorders,18.0,XII. Diseases of the skin and subcutaneous tissue,XII. Skin Diseases,#c49c94
901,L88 Pyoderma gangrenosum,67.0,XII. Diseases of the skin and subcutaneous tissue,XII. Skin Diseases,#c49c94
902,L89 Decubitus ulcer,3328.0,XII. Diseases of the skin and subcutaneous tissue,XII. Skin Diseases,#c49c94
903,L90 Atrophic disorders of skin,4940.0,XII. Diseases of the skin and subcutaneous tissue,XII. Skin Diseases,#c49c94
904,L91 Hypertrophic disorders of skin,4166.0,XII. Diseases of the skin and subcutaneous tissue,XII. Skin Diseases,#c49c94
905,L92 Granulomatous disorders of skin and subcutaneous tissue,1547.0,XII. Diseases of the skin and subcutaneous tissue,XII. Skin Diseases,#c49c94
906,L93 Lupus erythematosus,402.0,XII. Diseases of the skin and subcutaneous tissue,XII. Skin Diseases,#c49c94
907,L94 Other localised connective tissue disorders,510.0,XII. Diseases of the skin and subcutaneous tissue,XII. Skin Diseases,#c49c94
908,"L95 Vasculitis limited to skin, not elsewhere classified",253.0,XII. Diseases of the skin and subcutaneous tissue,XII. Skin Diseases,#c49c94
909,"L97 Ulcer of lower limb, not elsewhere classified",2563.0,XII. Diseases of the skin and subcutaneous tissue,XII. Skin Diseases,#c49c94
910,"L98 Other disorders of skin and subcutaneous tissue, not elsewhere classified",37961.0,XII. Diseases of the skin and subcutaneous tissue,XII. Skin Diseases,#c49c94
911,L99 Other disorders of skin and subcutaneous tissue in diseases classified elsewhere,19.0,XII. Diseases of the skin and subcutaneous tissue,XII. Skin Diseases,#c49c94
912,M00 Pyogenic arthritis,707.0,XIII. Diseases of the musculoskeletal system and connective tissue,XIII. Musculoskeletal Diseases,#1f77b4
913,M01 Direct infections of joint in infectious and parasitic diseases classified elsewhere,31.0,XIII. Diseases of the musculoskeletal system and connective tissue,XIII. Musculoskeletal Diseases,#1f77b4
914,M02 Reactive arthropathies,210.0,XIII. Diseases of the musculoskeletal system and connective tissue,XIII. Musculoskeletal Diseases,#1f77b4
915,M03 Postinfective and reactive arthropathies in diseases classified elsewhere,9.0,XIII. Diseases of the musculoskeletal system and connective tissue,XIII. Musculoskeletal Diseases,#1f77b4
916,M05 Seropositive rheumatoid arthritis,988.0,XIII. Diseases of the musculoskeletal system and connective tissue,XIII. Musculoskeletal Diseases,#1f77b4
917,M06 Other rheumatoid arthritis,9453.0,XIII. Diseases of the musculoskeletal system and connective tissue,XIII. Musculoskeletal Diseases,#1f77b4
918,M07 Psoriatic and enteropathic arthropathies,1102.0,XIII. Diseases of the musculoskeletal system and connective tissue,XIII. Musculoskeletal Diseases,#1f77b4
919,M08 Juvenile arthritis,78.0,XIII. Diseases of the musculoskeletal system and connective tissue,XIII. Musculoskeletal Diseases,#1f77b4
920,M09 Juvenile arthritis in diseases classified elsewhere,2.0,XIII. Diseases of the musculoskeletal system and connective tissue,XIII. Musculoskeletal Diseases,#1f77b4
921,M10 Gout,15065.0,XIII. Diseases of the musculoskeletal system and connective tissue,XIII. Musculoskeletal Diseases,#1f77b4
922,M11 Other crystal arthropathies,858.0,XIII. Diseases of the musculoskeletal system and connective tissue,XIII. Musculoskeletal Diseases,#1f77b4
923,M12 Other specific arthropathies,556.0,XIII. Diseases of the musculoskeletal system and connective tissue,XIII. Musculoskeletal Diseases,#1f77b4
924,M13 Other arthritis,31930.0,XIII. Diseases of the musculoskeletal system and connective tissue,XIII. Musculoskeletal Diseases,#1f77b4
925,M14 Arthropathies in other diseases classified elsewhere,230.0,XIII. Diseases of the musculoskeletal system and connective tissue,XIII. Musculoskeletal Diseases,#1f77b4
926,M15 Polyarthrosis,11039.0,XIII. Diseases of the musculoskeletal system and connective tissue,XIII. Musculoskeletal Diseases,#1f77b4
927,M16 Coxarthrosis [arthrosis of hip],19626.0,XIII. Diseases of the musculoskeletal system and connective tissue,XIII. Musculoskeletal Diseases,#1f77b4
928,M17 Gonarthrosis [arthrosis of knee],34174.0,XIII. Diseases of the musculoskeletal system and connective tissue,XIII. Musculoskeletal Diseases,#1f77b4
929,M18 Arthrosis of first carpometacarpal joint,2126.0,XIII. Diseases of the musculoskeletal system and connective tissue,XIII. Musculoskeletal Diseases,#1f77b4
930,M19 Other arthrosis,66680.0,XIII. Diseases of the musculoskeletal system and connective tissue,XIII. Musculoskeletal Diseases,#1f77b4
931,M20 Acquired deformities of fingers and toes,17412.0,XIII. Diseases of the musculoskeletal system and connective tissue,XIII. Musculoskeletal Diseases,#1f77b4
932,M21 Other acquired deformities of limbs,4201.0,XIII. Diseases of the musculoskeletal system and connective tissue,XIII. Musculoskeletal Diseases,#1f77b4
933,M22 Disorders of patella,2640.0,XIII. Diseases of the musculoskeletal system and connective tissue,XIII. Musculoskeletal Diseases,#1f77b4
934,M23 Internal derangement of knee,18597.0,XIII. Diseases of the musculoskeletal system and connective tissue,XIII. Musculoskeletal Diseases,#1f77b4
935,M24 Other specific joint derangements,4092.0,XIII. Diseases of the musculoskeletal system and connective tissue,XIII. Musculoskeletal Diseases,#1f77b4
936,"M25 Other joint disorders, not elsewhere classified",72060.0,XIII. Diseases of the musculoskeletal system and connective tissue,XIII. Musculoskeletal Diseases,#1f77b4
937,M30 Polyarteritis nodosa and related conditions,159.0,XIII. Diseases of the musculoskeletal system and connective tissue,XIII. Musculoskeletal Diseases,#1f77b4
938,M31 Other necrotising vasculopathies,1435.0,XIII. Diseases of the musculoskeletal system and connective tissue,XIII. Musculoskeletal Diseases,#1f77b4
939,M32 Systemic lupus erythematosus,833.0,XIII. Diseases of the musculoskeletal system and connective tissue,XIII. Musculoskeletal Diseases,#1f77b4
940,M33 Dermatopolymyositis,198.0,XIII. Diseases of the musculoskeletal system and connective tissue,XIII. Musculoskeletal Diseases,#1f77b4
941,M34 Systemic sclerosis,359.0,XIII. Diseases of the musculoskeletal system and connective tissue,XIII. Musculoskeletal Diseases,#1f77b4
942,M35 Other systemic involvement of connective tissue,5243.0,XIII. Diseases of the musculoskeletal system and connective tissue,XIII. Musculoskeletal Diseases,#1f77b4
943,M36 Systemic disorders of connective tissue in diseases classified elsewhere,46.0,XIII. Diseases of the musculoskeletal system and connective tissue,XIII. Musculoskeletal Diseases,#1f77b4
944,M40 Kyphosis and lordosis,700.0,XIII. Diseases of the musculoskeletal system and connective tissue,XIII. Musculoskeletal Diseases,#1f77b4
945,M41 Scoliosis,3135.0,XIII. Diseases of the musculoskeletal system and connective tissue,XIII. Musculoskeletal Diseases,#1f77b4
946,M42 Spinal osteochondrosis,140.0,XIII. Diseases of the musculoskeletal system and connective tissue,XIII. Musculoskeletal Diseases,#1f77b4
947,M43 Other deforming dorsopathies,5062.0,XIII. Diseases of the musculoskeletal system and connective tissue,XIII. Musculoskeletal Diseases,#1f77b4
948,M45 Ankylosing spondylitis,1675.0,XIII. Diseases of the musculoskeletal system and connective tissue,XIII. Musculoskeletal Diseases,#1f77b4
949,M46 Other inflammatory spondylopathies,3737.0,XIII. Diseases of the musculoskeletal system and connective tissue,XIII. Musculoskeletal Diseases,#1f77b4
950,M47 Spondylosis,26736.0,XIII. Diseases of the musculoskeletal system and connective tissue,XIII. Musculoskeletal Diseases,#1f77b4
951,M48 Other spondylopathies,12178.0,XIII. Diseases of the musculoskeletal system and connective tissue,XIII. Musculoskeletal Diseases,#1f77b4
952,M49 Spondylopathies in diseases classified elsewhere,257.0,XIII. Diseases of the musculoskeletal system and connective tissue,XIII. Musculoskeletal Diseases,#1f77b4
953,M50 Cervical disk disorders,3662.0,XIII. Diseases of the musculoskeletal system and connective tissue,XIII. Musculoskeletal Diseases,#1f77b4
954,M51 Other intervertebral disk disorders,20906.0,XIII. Diseases of the musculoskeletal system and connective tissue,XIII. Musculoskeletal Diseases,#1f77b4
955,"M53 Other dorsopathies, not elsewhere classified",5169.0,XIII. Diseases of the musculoskeletal system and connective tissue,XIII. Musculoskeletal Diseases,#1f77b4
956,M54 Dorsalgia,61781.0,XIII. Diseases of the musculoskeletal system and connective tissue,XIII. Musculoskeletal Diseases,#1f77b4
957,M60 Myositis,439.0,XIII. Diseases of the musculoskeletal system and connective tissue,XIII. Musculoskeletal Diseases,#1f77b4
958,M61 Calcification and ossification of muscle,70.0,XIII. Diseases of the musculoskeletal system and connective tissue,XIII. Musculoskeletal Diseases,#1f77b4
959,M62 Other disorders of muscle,3849.0,XIII. Diseases of the musculoskeletal system and connective tissue,XIII. Musculoskeletal Diseases,#1f77b4
960,M63 Disorders of muscle in diseases classified elsewhere,4.0,XIII. Diseases of the musculoskeletal system and connective tissue,XIII. Musculoskeletal Diseases,#1f77b4
961,M65 Synovitis and tenosynovitis,15516.0,XIII. Diseases of the musculoskeletal system and connective tissue,XIII. Musculoskeletal Diseases,#1f77b4
962,M66 Spontaneous rupture of synovium and tendon,1157.0,XIII. Diseases of the musculoskeletal system and connective tissue,XIII. Musculoskeletal Diseases,#1f77b4
963,M67 Other disorders of synovium and tendon,9643.0,XIII. Diseases of the musculoskeletal system and connective tissue,XIII. Musculoskeletal Diseases,#1f77b4
964,M68 Disorders of synovium and tendon in diseases classified elsewhere,5.0,XIII. Diseases of the musculoskeletal system and connective tissue,XIII. Musculoskeletal Diseases,#1f77b4
965,"M70 Soft tissue disorders related to use, overuse and pressure",13353.0,XIII. Diseases of the musculoskeletal system and connective tissue,XIII. Musculoskeletal Diseases,#1f77b4
966,M71 Other bursopathies,2847.0,XIII. Diseases of the musculoskeletal system and connective tissue,XIII. Musculoskeletal Diseases,#1f77b4
967,M72 Fibroblastic disorders,19730.0,XIII. Diseases of the musculoskeletal system and connective tissue,XIII. Musculoskeletal Diseases,#1f77b4
968,M73 Soft tissue disorders in diseases classified elsewhere,,XIII. Diseases of the musculoskeletal system and connective tissue,XIII. Musculoskeletal Diseases,#1f77b4
969,M75 Shoulder lesions,27499.0,XIII. Diseases of the musculoskeletal system and connective tissue,XIII. Musculoskeletal Diseases,#1f77b4
970,"M76 Enthesopathies of lower limb, excluding foot",6516.0,XIII. Diseases of the musculoskeletal system and connective tissue,XIII. Musculoskeletal Diseases,#1f77b4
971,M77 Other enthesopathies,26430.0,XIII. Diseases of the musculoskeletal system and connective tissue,XIII. Musculoskeletal Diseases,#1f77b4
972,"M79 Other soft tissue disorders, not elsewhere classified",69490.0,XIII. Diseases of the musculoskeletal system and connective tissue,XIII. Musculoskeletal Diseases,#1f77b4
973,M80 Osteoporosis with pathological fracture,1710.0,XIII. Diseases of the musculoskeletal system and connective tissue,XIII. Musculoskeletal Diseases,#1f77b4
974,M81 Osteoporosis without pathological fracture,18176.0,XIII. Diseases of the musculoskeletal system and connective tissue,XIII. Musculoskeletal Diseases,#1f77b4
975,M82 Osteoporosis in diseases classified elsewhere,160.0,XIII. Diseases of the musculoskeletal system and connective tissue,XIII. Musculoskeletal Diseases,#1f77b4
976,M83 Adult osteomalacia,95.0,XIII. Diseases of the musculoskeletal system and connective tissue,XIII. Musculoskeletal Diseases,#1f77b4
977,M84 Disorders of continuity of bone,3158.0,XIII. Diseases of the musculoskeletal system and connective tissue,XIII. Musculoskeletal Diseases,#1f77b4
978,M85 Other disorders of bone density and structure,11618.0,XIII. Diseases of the musculoskeletal system and connective tissue,XIII. Musculoskeletal Diseases,#1f77b4
979,M86 Osteomyelitis,2093.0,XIII. Diseases of the musculoskeletal system and connective tissue,XIII. Musculoskeletal Diseases,#1f77b4
980,M87 Osteonecrosis,842.0,XIII. Diseases of the musculoskeletal system and connective tissue,XIII. Musculoskeletal Diseases,#1f77b4
981,M88 Paget's disease of bone [osteitis deformans],431.0,XIII. Diseases of the musculoskeletal system and connective tissue,XIII. Musculoskeletal Diseases,#1f77b4
982,M89 Other disorders of bone,4391.0,XIII. Diseases of the musculoskeletal system and connective tissue,XIII. Musculoskeletal Diseases,#1f77b4
983,M90 Osteopathies in diseases classified elsewhere,641.0,XIII. Diseases of the musculoskeletal system and connective tissue,XIII. Musculoskeletal Diseases,#1f77b4
984,M91 Juvenile osteochondrosis of hip and pelvis,167.0,XIII. Diseases of the musculoskeletal system and connective tissue,XIII. Musculoskeletal Diseases,#1f77b4
985,M92 Other juvenile osteochondrosis,550.0,XIII. Diseases of the musculoskeletal system and connective tissue,XIII. Musculoskeletal Diseases,#1f77b4
986,M93 Other osteochondropathies,696.0,XIII. Diseases of the musculoskeletal system and connective tissue,XIII. Musculoskeletal Diseases,#1f77b4
987,M94 Other disorders of cartilage,2256.0,XIII. Diseases of the musculoskeletal system and connective tissue,XIII. Musculoskeletal Diseases,#1f77b4
988,M95 Other acquired deformities of musculoskeletal system and connective tissue,1810.0,XIII. Diseases of the musculoskeletal system and connective tissue,XIII. Musculoskeletal Diseases,#1f77b4
989,"M96 Postprocedural musculoskeletal disorders, not elsewhere classified",818.0,XIII. Diseases of the musculoskeletal system and connective tissue,XIII. Musculoskeletal Diseases,#1f77b4
990,"M99 Biomechanical lesions, not elsewhere classified",373.0,XIII. Diseases of the musculoskeletal system and connective tissue,XIII. Musculoskeletal Diseases,#1f77b4
991,N00 Acute nephritic syndrome,227.0,XIV. Diseases of the genitourinary system,XIV. Genitourinary Diseases,#ffbb78
992,N01 Rapidly progressive nephritic syndrome,12.0,XIV. Diseases of the genitourinary system,XIV. Genitourinary Diseases,#ffbb78
993,N02 Recurrent and persistent haematuria,1183.0,XIV. Diseases of the genitourinary system,XIV. Genitourinary Diseases,#ffbb78
994,N03 Chronic nephritic syndrome,1025.0,XIV. Diseases of the genitourinary system,XIV. Genitourinary Diseases,#ffbb78
995,N04 Nephrotic syndrome,326.0,XIV. Diseases of the genitourinary system,XIV. Genitourinary Diseases,#ffbb78
996,N05 Unspecified nephritic syndrome,616.0,XIV. Diseases of the genitourinary system,XIV. Genitourinary Diseases,#ffbb78
997,N06 Isolated proteinuria with specified morphological lesion,16.0,XIV. Diseases of the genitourinary system,XIV. Genitourinary Diseases,#ffbb78
998,"N07 Hereditary nephropathy, not elsewhere classified",11.0,XIV. Diseases of the genitourinary system,XIV. Genitourinary Diseases,#ffbb78
999,N08 Glomerular disorders in diseases classified elsewhere,819.0,XIV. Diseases of the genitourinary system,XIV. Genitourinary Diseases,#ffbb78
1000,N10 Acute tubulo-interstitial nephritis,1265.0,XIV. Diseases of the genitourinary system,XIV. Genitourinary Diseases,#ffbb78
1001,N11 Chronic tubulo-interstitial nephritis,270.0,XIV. Diseases of the genitourinary system,XIV. Genitourinary Diseases,#ffbb78
1002,"N12 Tubulo-interstitial nephritis, not specified as acute or chronic",1968.0,XIV. Diseases of the genitourinary system,XIV. Genitourinary Diseases,#ffbb78
1003,N13 Obstructive and reflux uropathy,4987.0,XIV. Diseases of the genitourinary system,XIV. Genitourinary Diseases,#ffbb78
1004,N14 Drug- and heavy-metal-induced tubulo-interstitial and tubular conditions,67.0,XIV. Diseases of the genitourinary system,XIV. Genitourinary Diseases,#ffbb78
1005,N15 Other renal tubulo-interstitial diseases,173.0,XIV. Diseases of the genitourinary system,XIV. Genitourinary Diseases,#ffbb78
1006,N16 Renal tubulo-interstitial disorders in diseases classified elsewhere,48.0,XIV. Diseases of the genitourinary system,XIV. Genitourinary Diseases,#ffbb78
1007,N17 Acute renal failure,14126.0,XIV. Diseases of the genitourinary system,XIV. Genitourinary Diseases,#ffbb78
1008,N18 Chronic renal failure,19401.0,XIV. Diseases of the genitourinary system,XIV. Genitourinary Diseases,#ffbb78
1009,N19 Unspecified renal failure,2751.0,XIV. Diseases of the genitourinary system,XIV. Genitourinary Diseases,#ffbb78
1010,N20 Calculus of kidney and ureter,7187.0,XIV. Diseases of the genitourinary system,XIV. Genitourinary Diseases,#ffbb78
1011,N21 Calculus of lower urinary tract,1268.0,XIV. Diseases of the genitourinary system,XIV. Genitourinary Diseases,#ffbb78
1012,N22 Calculus of urinary tract in diseases classified elsewhere,,XIV. Diseases of the genitourinary system,XIV. Genitourinary Diseases,#ffbb78
1013,N23 Unspecified renal colic,4526.0,XIV. Diseases of the genitourinary system,XIV. Genitourinary Diseases,#ffbb78
1014,N25 Disorders resulting from impaired renal tubular function,189.0,XIV. Diseases of the genitourinary system,XIV. Genitourinary Diseases,#ffbb78
1015,N26 Unspecified contracted kidney,291.0,XIV. Diseases of the genitourinary system,XIV. Genitourinary Diseases,#ffbb78
1016,N27 Small kidney of unknown cause,114.0,XIV. Diseases of the genitourinary system,XIV. Genitourinary Diseases,#ffbb78
1017,"N28 Other disorders of kidney and ureter, not elsewhere classified",7088.0,XIV. Diseases of the genitourinary system,XIV. Genitourinary Diseases,#ffbb78
1018,N29 Other disorders of kidney and ureter in diseases classified elsewhere,36.0,XIV. Diseases of the genitourinary system,XIV. Genitourinary Diseases,#ffbb78
1019,N30 Cystitis,14539.0,XIV. Diseases of the genitourinary system,XIV. Genitourinary Diseases,#ffbb78
1020,"N31 Neuromuscular dysfunction of bladder, not elsewhere classified",4036.0,XIV. Diseases of the genitourinary system,XIV. Genitourinary Diseases,#ffbb78
1021,N32 Other disorders of bladder,15631.0,XIV. Diseases of the genitourinary system,XIV. Genitourinary Diseases,#ffbb78
1022,N33 Bladder disorders in diseases classified elsewhere,7.0,XIV. Diseases of the genitourinary system,XIV. Genitourinary Diseases,#ffbb78
1023,N34 Urethritis and urethral syndrome,908.0,XIV. Diseases of the genitourinary system,XIV. Genitourinary Diseases,#ffbb78
1024,N35 Urethral stricture,4509.0,XIV. Diseases of the genitourinary system,XIV. Genitourinary Diseases,#ffbb78
1025,N36 Other disorders of urethra,1293.0,XIV. Diseases of the genitourinary system,XIV. Genitourinary Diseases,#ffbb78
1026,N37 Urethral disorders in diseases classified elsewhere,5.0,XIV. Diseases of the genitourinary system,XIV. Genitourinary Diseases,#ffbb78
1027,N39 Other disorders of urinary system,41174.0,XIV. Diseases of the genitourinary system,XIV. Genitourinary Diseases,#ffbb78
1028,N40 Hyperplasia of prostate,25062.0,XIV. Diseases of the genitourinary system,XIV. Genitourinary Diseases,#ffbb78
1029,N41 Inflammatory diseases of prostate,3685.0,XIV. Diseases of the genitourinary system,XIV. Genitourinary Diseases,#ffbb78
1030,N42 Other disorders of prostate,2665.0,XIV. Diseases of the genitourinary system,XIV. Genitourinary Diseases,#ffbb78
1031,N43 Hydrocele and spermatocele,2117.0,XIV. Diseases of the genitourinary system,XIV. Genitourinary Diseases,#ffbb78
1032,N44 Torsion of testis,194.0,XIV. Diseases of the genitourinary system,XIV. Genitourinary Diseases,#ffbb78
1033,N45 Orchitis and epididymitis,2378.0,XIV. Diseases of the genitourinary system,XIV. Genitourinary Diseases,#ffbb78
1034,N46 Male infertility,479.0,XIV. Diseases of the genitourinary system,XIV. Genitourinary Diseases,#ffbb78
1035,"N47 Redundant prepuce, phimosis and paraphimosis",3074.0,XIV. Diseases of the genitourinary system,XIV. Genitourinary Diseases,#ffbb78
1036,N48 Other disorders of penis,5545.0,XIV. Diseases of the genitourinary system,XIV. Genitourinary Diseases,#ffbb78
1037,"N49 Inflammatory disorders of male genital organs, not elsewhere classified",393.0,XIV. Diseases of the genitourinary system,XIV. Genitourinary Diseases,#ffbb78
1038,N50 Other disorders of male genital organs,9385.0,XIV. Diseases of the genitourinary system,XIV. Genitourinary Diseases,#ffbb78
1039,N51 Disorders of male genital organs in diseases classified elsewhere,37.0,XIV. Diseases of the genitourinary system,XIV. Genitourinary Diseases,#ffbb78
1040,N60 Benign mammary dysplasia,9889.0,XIV. Diseases of the genitourinary system,XIV. Genitourinary Diseases,#ffbb78
1041,N61 Inflammatory disorders of breast,1594.0,XIV. Diseases of the genitourinary system,XIV. Genitourinary Diseases,#ffbb78
1042,N62 Hypertrophy of breast,1713.0,XIV. Diseases of the genitourinary system,XIV. Genitourinary Diseases,#ffbb78
1043,N63 Unspecified lump in breast,12916.0,XIV. Diseases of the genitourinary system,XIV. Genitourinary Diseases,#ffbb78
1044,N64 Other disorders of breast,10857.0,XIV. Diseases of the genitourinary system,XIV. Genitourinary Diseases,#ffbb78
1045,N70 Salpingitis and oophoritis,901.0,XIV. Diseases of the genitourinary system,XIV. Genitourinary Diseases,#ffbb78
1046,"N71 Inflammatory disease of uterus, except cervix",446.0,XIV. Diseases of the genitourinary system,XIV. Genitourinary Diseases,#ffbb78
1047,N72 Inflammatory disease of cervix uteri,1675.0,XIV. Diseases of the genitourinary system,XIV. Genitourinary Diseases,#ffbb78
1048,N73 Other female pelvic inflammatory diseases,4089.0,XIV. Diseases of the genitourinary system,XIV. Genitourinary Diseases,#ffbb78
1049,N74 Female pelvic inflammatory disorders in diseases classified elsewhere,19.0,XIV. Diseases of the genitourinary system,XIV. Genitourinary Diseases,#ffbb78
1050,N75 Diseases of bartholin's gland,1937.0,XIV. Diseases of the genitourinary system,XIV. Genitourinary Diseases,#ffbb78
1051,N76 Other inflammation of vagina and vulva,4124.0,XIV. Diseases of the genitourinary system,XIV. Genitourinary Diseases,#ffbb78
1052,N77 Vulvovaginal ulceration and inflammation in diseases classified elsewhere,344.0,XIV. Diseases of the genitourinary system,XIV. Genitourinary Diseases,#ffbb78
1053,N80 Endometriosis,7914.0,XIV. Diseases of the genitourinary system,XIV. Genitourinary Diseases,#ffbb78
1054,N81 Female genital prolapse,15581.0,XIV. Diseases of the genitourinary system,XIV. Genitourinary Diseases,#ffbb78
1055,N82 Fistulae involving female genital tract,255.0,XIV. Diseases of the genitourinary system,XIV. Genitourinary Diseases,#ffbb78
1056,"N83 Noninflammatory disorders of ovary, fallopian tube and broad ligament",10477.0,XIV. Diseases of the genitourinary system,XIV. Genitourinary Diseases,#ffbb78
1057,N84 Polyp of female genital tract,14674.0,XIV. Diseases of the genitourinary system,XIV. Genitourinary Diseases,#ffbb78
1058,"N85 Other noninflammatory disorders of uterus, except cervix",6791.0,XIV. Diseases of the genitourinary system,XIV. Genitourinary Diseases,#ffbb78
1059,N86 Erosion and ectropion of cervix uteri,1652.0,XIV. Diseases of the genitourinary system,XIV. Genitourinary Diseases,#ffbb78
1060,N87 Dysplasia of cervix uteri,6060.0,XIV. Diseases of the genitourinary system,XIV. Genitourinary Diseases,#ffbb78
1061,N88 Other noninflammatory disorders of cervix uteri,2519.0,XIV. Diseases of the genitourinary system,XIV. Genitourinary Diseases,#ffbb78
1062,N89 Other noninflammatory disorders of vagina,9965.0,XIV. Diseases of the genitourinary system,XIV. Genitourinary Diseases,#ffbb78
1063,N90 Other noninflammatory disorders of vulva and perineum,5257.0,XIV. Diseases of the genitourinary system,XIV. Genitourinary Diseases,#ffbb78
1064,"N91 Absent, scanty and rare menstruation",1967.0,XIV. Diseases of the genitourinary system,XIV. Genitourinary Diseases,#ffbb78
1065,"N92 Excessive, frequent and irregular menstruation",23776.0,XIV. Diseases of the genitourinary system,XIV. Genitourinary Diseases,#ffbb78
1066,N93 Other abnormal uterine and vaginal bleeding,8879.0,XIV. Diseases of the genitourinary system,XIV. Genitourinary Diseases,#ffbb78
1067,N94 Pain and other conditions associated with female genital organs and menstrual cycle,9761.0,XIV. Diseases of the genitourinary system,XIV. Genitourinary Diseases,#ffbb78
1068,N95 Menopausal and other perimenopausal disorders,30233.0,XIV. Diseases of the genitourinary system,XIV. Genitourinary Diseases,#ffbb78
1069,N96 Habitual aborter,26.0,XIV. Diseases of the genitourinary system,XIV. Genitourinary Diseases,#ffbb78
1070,N97 Female infertility,3280.0,XIV. Diseases of the genitourinary system,XIV. Genitourinary Diseases,#ffbb78
1071,N98 Complications associated with artificial fertilisation,51.0,XIV. Diseases of the genitourinary system,XIV. Genitourinary Diseases,#ffbb78
1072,"N99 Postprocedural disorders of genito-urinary system, not elsewhere classified",1471.0,XIV. Diseases of the genitourinary system,XIV. Genitourinary Diseases,#ffbb78
1073,O00 Ectopic pregnancy,824.0,"XV. Pregnancy, childbirth and the puerperium",XV. Pregnancy & Childbirth,#e377c2
1074,O01 Hydatidiform mole,181.0,"XV. Pregnancy, childbirth and the puerperium",XV. Pregnancy & Childbirth,#e377c2
1075,O02 Other abnormal products of conception,1836.0,"XV. Pregnancy, childbirth and the puerperium",XV. Pregnancy & Childbirth,#e377c2
1076,O03 Spontaneous abortion,4640.0,"XV. Pregnancy, childbirth and the puerperium",XV. Pregnancy & Childbirth,#e377c2
1077,O04 Medical abortion,3219.0,"XV. Pregnancy, childbirth and the puerperium",XV. Pregnancy & Childbirth,#e377c2
1078,O05 Other abortion,6.0,"XV. Pregnancy, childbirth and the puerperium",XV. Pregnancy & Childbirth,#e377c2
1079,O06 Unspecified abortion,406.0,"XV. Pregnancy, childbirth and the puerperium",XV. Pregnancy & Childbirth,#e377c2
1080,O07 Failed attempted abortion,21.0,"XV. Pregnancy, childbirth and the puerperium",XV. Pregnancy & Childbirth,#e377c2
1081,O08 Complications following abortion and ectopic and molar pregnancy,70.0,"XV. Pregnancy, childbirth and the puerperium",XV. Pregnancy & Childbirth,#e377c2
1082,"O10 Pre-existing hypertension complicating pregnancy, childbirth and the puerperium",109.0,"XV. Pregnancy, childbirth and the puerperium",XV. Pregnancy & Childbirth,#e377c2
1083,O11 Pre-existing hypertensive disorder with superimposed proteinuria,22.0,"XV. Pregnancy, childbirth and the puerperium",XV. Pregnancy & Childbirth,#e377c2
1084,O12 Gestational [pregnancy-induced] oedema and proteinuria without hypertension,179.0,"XV. Pregnancy, childbirth and the puerperium",XV. Pregnancy & Childbirth,#e377c2
1085,O13 Gestational [pregnancy-induced] hypertension without significant proteinuria,677.0,"XV. Pregnancy, childbirth and the puerperium",XV. Pregnancy & Childbirth,#e377c2
1086,O14 Gestational [pregnancy-induced] hypertension with significant proteinuria,456.0,"XV. Pregnancy, childbirth and the puerperium",XV. Pregnancy & Childbirth,#e377c2
1087,O15 Eclampsia,74.0,"XV. Pregnancy, childbirth and the puerperium",XV. Pregnancy & Childbirth,#e377c2
1088,O16 Unspecified maternal hypertension,689.0,"XV. Pregnancy, childbirth and the puerperium",XV. Pregnancy & Childbirth,#e377c2
1089,O20 Haemorrhage in early pregnancy,1249.0,"XV. Pregnancy, childbirth and the puerperium",XV. Pregnancy & Childbirth,#e377c2
1090,O21 Excessive vomiting in pregnancy,332.0,"XV. Pregnancy, childbirth and the puerperium",XV. Pregnancy & Childbirth,#e377c2
1091,O22 Venous complications in pregnancy,121.0,"XV. Pregnancy, childbirth and the puerperium",XV. Pregnancy & Childbirth,#e377c2
1092,O23 Infections of genito-urinary tract in pregnancy,270.0,"XV. Pregnancy, childbirth and the puerperium",XV. Pregnancy & Childbirth,#e377c2
1093,O24 Diabetes mellitus in pregnancy,623.0,"XV. Pregnancy, childbirth and the puerperium",XV. Pregnancy & Childbirth,#e377c2
1094,O25 Malnutrition in pregnancy,1.0,"XV. Pregnancy, childbirth and the puerperium",XV. Pregnancy & Childbirth,#e377c2
1095,O26 Maternal care for other conditions predominantly related to pregnancy,2008.0,"XV. Pregnancy, childbirth and the puerperium",XV. Pregnancy & Childbirth,#e377c2
1096,O28 Abnormal findings on antenatal screening of mother,123.0,"XV. Pregnancy, childbirth and the puerperium",XV. Pregnancy & Childbirth,#e377c2
1097,O29 Complications of anaesthesia during pregnancy,2.0,"XV. Pregnancy, childbirth and the puerperium",XV. Pregnancy & Childbirth,#e377c2
1098,O30 Multiple gestation,514.0,"XV. Pregnancy, childbirth and the puerperium",XV. Pregnancy & Childbirth,#e377c2
1099,O31 Complications specific to multiple gestation,31.0,"XV. Pregnancy, childbirth and the puerperium",XV. Pregnancy & Childbirth,#e377c2
1100,O32 Maternal care for known or suspected malpresentation of foetus,1262.0,"XV. Pregnancy, childbirth and the puerperium",XV. Pregnancy & Childbirth,#e377c2
1101,O33 Maternal care for known or suspected disproportion,79.0,"XV. Pregnancy, childbirth and the puerperium",XV. Pregnancy & Childbirth,#e377c2
1102,O34 Maternal care for known or suspected abnormality of pelvic organs,1663.0,"XV. Pregnancy, childbirth and the puerperium",XV. Pregnancy & Childbirth,#e377c2
1103,O35 Maternal care for known or suspected foetal abnormality and damage,271.0,"XV. Pregnancy, childbirth and the puerperium",XV. Pregnancy & Childbirth,#e377c2
1104,O36 Maternal care for other known or suspected foetal problems,1993.0,"XV. Pregnancy, childbirth and the puerperium",XV. Pregnancy & Childbirth,#e377c2
1105,O40 Polyhydramnios,123.0,"XV. Pregnancy, childbirth and the puerperium",XV. Pregnancy & Childbirth,#e377c2
1106,O41 Other disorders of amniotic fluid and membranes,262.0,"XV. Pregnancy, childbirth and the puerperium",XV. Pregnancy & Childbirth,#e377c2
1107,O42 Premature rupture of membranes,1145.0,"XV. Pregnancy, childbirth and the puerperium",XV. Pregnancy & Childbirth,#e377c2
1108,O43 Placental disorders,247.0,"XV. Pregnancy, childbirth and the puerperium",XV. Pregnancy & Childbirth,#e377c2
1109,O44 Placenta praevia,207.0,"XV. Pregnancy, childbirth and the puerperium",XV. Pregnancy & Childbirth,#e377c2
1110,O45 Premature separation of placenta [abruptio placentae],49.0,"XV. Pregnancy, childbirth and the puerperium",XV. Pregnancy & Childbirth,#e377c2
1111,"O46 Antepartum haemorrhage, not elsewhere classified",679.0,"XV. Pregnancy, childbirth and the puerperium",XV. Pregnancy & Childbirth,#e377c2
1112,O47 False labour,1103.0,"XV. Pregnancy, childbirth and the puerperium",XV. Pregnancy & Childbirth,#e377c2
1113,O48 Prolonged pregnancy,1176.0,"XV. Pregnancy, childbirth and the puerperium",XV. Pregnancy & Childbirth,#e377c2
1114,O60 Preterm delivery,793.0,"XV. Pregnancy, childbirth and the puerperium",XV. Pregnancy & Childbirth,#e377c2
1115,O61 Failed induction of labour,157.0,"XV. Pregnancy, childbirth and the puerperium",XV. Pregnancy & Childbirth,#e377c2
1116,O62 Abnormalities of forces of labour,449.0,"XV. Pregnancy, childbirth and the puerperium",XV. Pregnancy & Childbirth,#e377c2
1117,O63 Long labour,1948.0,"XV. Pregnancy, childbirth and the puerperium",XV. Pregnancy & Childbirth,#e377c2
1118,O64 Obstructed labour due to malposition and malpresentation of foetus,428.0,"XV. Pregnancy, childbirth and the puerperium",XV. Pregnancy & Childbirth,#e377c2
1119,O65 Obstructed labour due to maternal pelvic abnormality,42.0,"XV. Pregnancy, childbirth and the puerperium",XV. Pregnancy & Childbirth,#e377c2
1120,O66 Other obstructed labour,342.0,"XV. Pregnancy, childbirth and the puerperium",XV. Pregnancy & Childbirth,#e377c2
1121,"O67 Labour and delivery complicated by intrapartum haemorrhage, not elsewhere classified",117.0,"XV. Pregnancy, childbirth and the puerperium",XV. Pregnancy & Childbirth,#e377c2
1122,O68 Labour and delivery complicated by foetal stress [distress],3448.0,"XV. Pregnancy, childbirth and the puerperium",XV. Pregnancy & Childbirth,#e377c2
1123,O69 Labour and delivery complicated by umbilical cord complications,625.0,"XV. Pregnancy, childbirth and the puerperium",XV. Pregnancy & Childbirth,#e377c2
1124,O70 Perineal laceration during delivery,5530.0,"XV. Pregnancy, childbirth and the puerperium",XV. Pregnancy & Childbirth,#e377c2
1125,O71 Other obstetric trauma,236.0,"XV. Pregnancy, childbirth and the puerperium",XV. Pregnancy & Childbirth,#e377c2
1126,O72 Postpartum haemorrhage,1691.0,"XV. Pregnancy, childbirth and the puerperium",XV. Pregnancy & Childbirth,#e377c2
1127,"O73 Retained placenta and membranes, without haemorrhage",240.0,"XV. Pregnancy, childbirth and the puerperium",XV. Pregnancy & Childbirth,#e377c2
1128,O74 Complications of anaesthesia during labour and delivery,27.0,"XV. Pregnancy, childbirth and the puerperium",XV. Pregnancy & Childbirth,#e377c2
1129,"O75 Other complications of labour and delivery, not elsewhere classified",816.0,"XV. Pregnancy, childbirth and the puerperium",XV. Pregnancy & Childbirth,#e377c2
1130,O80 Single spontaneous delivery,12271.0,"XV. Pregnancy, childbirth and the puerperium",XV. Pregnancy & Childbirth,#e377c2
1131,O81 Single delivery by forceps and vacuum extractor,1578.0,"XV. Pregnancy, childbirth and the puerperium",XV. Pregnancy & Childbirth,#e377c2
1132,O82 Single delivery by caesarean section,2292.0,"XV. Pregnancy, childbirth and the puerperium",XV. Pregnancy & Childbirth,#e377c2
1133,O83 Other assisted single delivery,20.0,"XV. Pregnancy, childbirth and the puerperium",XV. Pregnancy & Childbirth,#e377c2
1134,O84 Multiple delivery,29.0,"XV. Pregnancy, childbirth and the puerperium",XV. Pregnancy & Childbirth,#e377c2
1135,O85 Puerperal sepsis,66.0,"XV. Pregnancy, childbirth and the puerperium",XV. Pregnancy & Childbirth,#e377c2
1136,O86 Other puerperal infections,252.0,"XV. Pregnancy, childbirth and the puerperium",XV. Pregnancy & Childbirth,#e377c2
1137,O87 Venous complications in the puerperium,116.0,"XV. Pregnancy, childbirth and the puerperium",XV. Pregnancy & Childbirth,#e377c2
1138,O88 Obstetric embolism,13.0,"XV. Pregnancy, childbirth and the puerperium",XV. Pregnancy & Childbirth,#e377c2
1139,O89 Complications of anaesthesia during the puerperium,24.0,"XV. Pregnancy, childbirth and the puerperium",XV. Pregnancy & Childbirth,#e377c2
1140,"O90 Complications of the puerperium, not elsewhere classified",257.0,"XV. Pregnancy, childbirth and the puerperium",XV. Pregnancy & Childbirth,#e377c2
1141,O91 Infections of breast associated with childbirth,265.0,"XV. Pregnancy, childbirth and the puerperium",XV. Pregnancy & Childbirth,#e377c2
1142,O92 Other disorders of breast and lactation associated with childbirth,174.0,"XV. Pregnancy, childbirth and the puerperium",XV. Pregnancy & Childbirth,#e377c2
1143,"O94 Sequelae of complication of pregnancy, childbirth and the puerperium",6.0,"XV. Pregnancy, childbirth and the puerperium",XV. Pregnancy & Childbirth,#e377c2
1144,O96 Death from any obstetric cause occurring more than 42 days but less than one year after delivery,1.0,"XV. Pregnancy, childbirth and the puerperium",XV. Pregnancy & Childbirth,#e377c2
1145,"O98 Maternal infectious and parasitic diseases classifiable elsewhere but complicating pregnancy, childbirth and the puerperium",72.0,"XV. Pregnancy, childbirth and the puerperium",XV. Pregnancy & Childbirth,#e377c2
1146,"O99 Other maternal diseases classifiable elsewhere but complicating pregnancy, childbirth and the puerperium",2091.0,"XV. Pregnancy, childbirth and the puerperium",XV. Pregnancy & Childbirth,#e377c2
1147,P00 Foetus and newborn affected by maternal conditions that may be unrelated to present pregnancy,6.0,XVI. Certain conditions originating in the perinatal period,XVI. Perinatal Conditions,#f7b6d2
1148,"P02 Foetus and newborn affected by complications of placenta, cord and membranes",7.0,XVI. Certain conditions originating in the perinatal period,XVI. Perinatal Conditions,#f7b6d2
1149,P03 Foetus and newborn affected by other complications of labour and delivery,132.0,XVI. Certain conditions originating in the perinatal period,XVI. Perinatal Conditions,#f7b6d2
1150,P04 Foetus and newborn affected by noxious influences transmitted via placenta or breast milk,1.0,XVI. Certain conditions originating in the perinatal period,XVI. Perinatal Conditions,#f7b6d2
1151,P05 Slow foetal growth and foetal malnutrition,5.0,XVI. Certain conditions originating in the perinatal period,XVI. Perinatal Conditions,#f7b6d2
1152,"P07 Disorders related to short gestation and low birth weight, not elsewhere classified",25.0,XVI. Certain conditions originating in the perinatal period,XVI. Perinatal Conditions,#f7b6d2
1153,P08 Disorders related to long gestation and high birth weight,8.0,XVI. Certain conditions originating in the perinatal period,XVI. Perinatal Conditions,#f7b6d2
1154,P10 Intracranial laceration and haemorrhage due to birth injury,2.0,XVI. Certain conditions originating in the perinatal period,XVI. Perinatal Conditions,#f7b6d2
1155,P11 Other birth injuries to central nervous system,4.0,XVI. Certain conditions originating in the perinatal period,XVI. Perinatal Conditions,#f7b6d2
1156,P12 Birth injury to scalp,3.0,XVI. Certain conditions originating in the perinatal period,XVI. Perinatal Conditions,#f7b6d2
1157,P13 Birth injury to skeleton,4.0,XVI. Certain conditions originating in the perinatal period,XVI. Perinatal Conditions,#f7b6d2
1158,P14 Birth injury to peripheral nervous system,16.0,XVI. Certain conditions originating in the perinatal period,XVI. Perinatal Conditions,#f7b6d2
1159,P15 Other birth injuries,13.0,XVI. Certain conditions originating in the perinatal period,XVI. Perinatal Conditions,#f7b6d2
1160,P20 Intra-uterine hypoxia,7.0,XVI. Certain conditions originating in the perinatal period,XVI. Perinatal Conditions,#f7b6d2
1161,P21 Birth asphyxia,2.0,XVI. Certain conditions originating in the perinatal period,XVI. Perinatal Conditions,#f7b6d2
1162,P22 Respiratory distress of newborn,5.0,XVI. Certain conditions originating in the perinatal period,XVI. Perinatal Conditions,#f7b6d2
1163,P23 Congenital pneumonia,1.0,XVI. Certain conditions originating in the perinatal period,XVI. Perinatal Conditions,#f7b6d2
1164,P24 Neonatal aspiration syndromes,2.0,XVI. Certain conditions originating in the perinatal period,XVI. Perinatal Conditions,#f7b6d2
1165,P25 Interstitial emphysema and related conditions originating in the perinatal period,2.0,XVI. Certain conditions originating in the perinatal period,XVI. Perinatal Conditions,#f7b6d2
1166,P26 Pulmonary haemorrhage originating in the perinatal period,1.0,XVI. Certain conditions originating in the perinatal period,XVI. Perinatal Conditions,#f7b6d2
1167,P27 Chronic respiratory disease originating in the perinatal period,1.0,XVI. Certain conditions originating in the perinatal period,XVI. Perinatal Conditions,#f7b6d2
1168,P28 Other respiratory conditions originating in the perinatal period,16.0,XVI. Certain conditions originating in the perinatal period,XVI. Perinatal Conditions,#f7b6d2
1169,P29 Cardiovascular disorders originating in the perinatal period,10.0,XVI. Certain conditions originating in the perinatal period,XVI. Perinatal Conditions,#f7b6d2
1170,P35 Congenital viral diseases,15.0,XVI. Certain conditions originating in the perinatal period,XVI. Perinatal Conditions,#f7b6d2
1171,P36 Bacterial sepsis of newborn,27.0,XVI. Certain conditions originating in the perinatal period,XVI. Perinatal Conditions,#f7b6d2
1172,P37 Other congenital infectious and parasitic diseases,15.0,XVI. Certain conditions originating in the perinatal period,XVI. Perinatal Conditions,#f7b6d2
1173,P38 Omphalitis of newborn with or without mild haemorrhage,17.0,XVI. Certain conditions originating in the perinatal period,XVI. Perinatal Conditions,#f7b6d2
1174,P39 Other infections specific to the perinatal period,13.0,XVI. Certain conditions originating in the perinatal period,XVI. Perinatal Conditions,#f7b6d2
1175,P50 Foetal blood loss,1.0,XVI. Certain conditions originating in the perinatal period,XVI. Perinatal Conditions,#f7b6d2
1176,P51 Umbilical haemorrhage of newborn,6.0,XVI. Certain conditions originating in the perinatal period,XVI. Perinatal Conditions,#f7b6d2
1177,P52 Intracranial nontraumatic haemorrhage of foetus and newborn,1.0,XVI. Certain conditions originating in the perinatal period,XVI. Perinatal Conditions,#f7b6d2
1178,P53 Haemorrhagic disease of foetus and newborn,2.0,XVI. Certain conditions originating in the perinatal period,XVI. Perinatal Conditions,#f7b6d2
1179,P54 Other neonatal haemorrhages,8.0,XVI. Certain conditions originating in the perinatal period,XVI. Perinatal Conditions,#f7b6d2
1180,P55 Haemolytic disease of foetus and newborn,8.0,XVI. Certain conditions originating in the perinatal period,XVI. Perinatal Conditions,#f7b6d2
1181,P58 Neonatal jaundice due to other excessive haemolysis,3.0,XVI. Certain conditions originating in the perinatal period,XVI. Perinatal Conditions,#f7b6d2
1182,P59 Neonatal jaundice from other and unspecified causes,20.0,XVI. Certain conditions originating in the perinatal period,XVI. Perinatal Conditions,#f7b6d2
1183,P61 Other perinatal haematological disorders,4.0,XVI. Certain conditions originating in the perinatal period,XVI. Perinatal Conditions,#f7b6d2
1184,P70 Transitory disorders of carbohydrate metabolism specific to foetus and newborn,2.0,XVI. Certain conditions originating in the perinatal period,XVI. Perinatal Conditions,#f7b6d2
1185,P71 Transitory neonatal disorders of calcium and magnesium metabolism,1.0,XVI. Certain conditions originating in the perinatal period,XVI. Perinatal Conditions,#f7b6d2
1186,P78 Other perinatal digestive system disorders,1.0,XVI. Certain conditions originating in the perinatal period,XVI. Perinatal Conditions,#f7b6d2
1187,P83 Other conditions of integument specific to foetus and newborn,9.0,XVI. Certain conditions originating in the perinatal period,XVI. Perinatal Conditions,#f7b6d2
1188,P91 Other disturbances of cerebral status of newborn,,XVI. Certain conditions originating in the perinatal period,XVI. Perinatal Conditions,#f7b6d2
1189,P92 Feeding problems of newborn,11.0,XVI. Certain conditions originating in the perinatal period,XVI. Perinatal Conditions,#f7b6d2
1190,P94 Disorders of muscle tone of newborn,3.0,XVI. Certain conditions originating in the perinatal period,XVI. Perinatal Conditions,#f7b6d2
1191,P95 Foetal death of unspecified cause,113.0,XVI. Certain conditions originating in the perinatal period,XVI. Perinatal Conditions,#f7b6d2
1192,P96 Other conditions originating in the perinatal period,171.0,XVI. Certain conditions originating in the perinatal period,XVI. Perinatal Conditions,#f7b6d2
1193,Q00 Anencephaly and similar malformations,4.0,"XVII. Congenital malformations, deformations and chromosomal abnormalities",XVII. Congenital Abnormalities,#c5b0d5
1194,Q01 Encephalocele,11.0,"XVII. Congenital malformations, deformations and chromosomal abnormalities",XVII. Congenital Abnormalities,#c5b0d5
1195,Q02 Microcephaly,2.0,"XVII. Congenital malformations, deformations and chromosomal abnormalities",XVII. Congenital Abnormalities,#c5b0d5
1196,Q03 Congenital hydrocephalus,29.0,"XVII. Congenital malformations, deformations and chromosomal abnormalities",XVII. Congenital Abnormalities,#c5b0d5
1197,Q04 Other congenital malformations of brain,71.0,"XVII. Congenital malformations, deformations and chromosomal abnormalities",XVII. Congenital Abnormalities,#c5b0d5
1198,Q05 Spina bifida,311.0,"XVII. Congenital malformations, deformations and chromosomal abnormalities",XVII. Congenital Abnormalities,#c5b0d5
1199,Q06 Other congenital malformations of spinal cord,34.0,"XVII. Congenital malformations, deformations and chromosomal abnormalities",XVII. Congenital Abnormalities,#c5b0d5
1200,Q07 Other congenital malformations of nervous system,129.0,"XVII. Congenital malformations, deformations and chromosomal abnormalities",XVII. Congenital Abnormalities,#c5b0d5
1201,"Q10 Congenital malformations of eyelid, lachrymal apparatus and orbit",122.0,"XVII. Congenital malformations, deformations and chromosomal abnormalities",XVII. Congenital Abnormalities,#c5b0d5
1202,"Q11 Anophthalmos, microphthalmos and macrophthalmos",25.0,"XVII. Congenital malformations, deformations and chromosomal abnormalities",XVII. Congenital Abnormalities,#c5b0d5
1203,Q12 Congenital lens malformations,245.0,"XVII. Congenital malformations, deformations and chromosomal abnormalities",XVII. Congenital Abnormalities,#c5b0d5
1204,Q13 Congenital malformations of anterior segment of eye,49.0,"XVII. Congenital malformations, deformations and chromosomal abnormalities",XVII. Congenital Abnormalities,#c5b0d5
1205,Q14 Congenital malformations of posterior segment of eye,237.0,"XVII. Congenital malformations, deformations and chromosomal abnormalities",XVII. Congenital Abnormalities,#c5b0d5
1206,Q15 Other congenital malformations of eye,45.0,"XVII. Congenital malformations, deformations and chromosomal abnormalities",XVII. Congenital Abnormalities,#c5b0d5
1207,Q16 Congenital malformations of ear causing impairment of hearing,56.0,"XVII. Congenital malformations, deformations and chromosomal abnormalities",XVII. Congenital Abnormalities,#c5b0d5
1208,Q17 Other congenital malformations of ear,110.0,"XVII. Congenital malformations, deformations and chromosomal abnormalities",XVII. Congenital Abnormalities,#c5b0d5
1209,Q18 Other congenital malformations of face and neck,208.0,"XVII. Congenital malformations, deformations and chromosomal abnormalities",XVII. Congenital Abnormalities,#c5b0d5
1210,Q20 Congenital malformations of cardiac chambers and connexions,21.0,"XVII. Congenital malformations, deformations and chromosomal abnormalities",XVII. Congenital Abnormalities,#c5b0d5
1211,Q21 Congenital malformations of cardiac septa,1013.0,"XVII. Congenital malformations, deformations and chromosomal abnormalities",XVII. Congenital Abnormalities,#c5b0d5
1212,Q22 Congenital malformations of pulmonary and tricuspid valves,47.0,"XVII. Congenital malformations, deformations and chromosomal abnormalities",XVII. Congenital Abnormalities,#c5b0d5
1213,Q23 Congenital malformations of aortic and mitral valves,530.0,"XVII. Congenital malformations, deformations and chromosomal abnormalities",XVII. Congenital Abnormalities,#c5b0d5
1214,Q24 Other congenital malformations of heart,334.0,"XVII. Congenital malformations, deformations and chromosomal abnormalities",XVII. Congenital Abnormalities,#c5b0d5
1215,Q25 Congenital malformations of great arteries,217.0,"XVII. Congenital malformations, deformations and chromosomal abnormalities",XVII. Congenital Abnormalities,#c5b0d5
1216,Q26 Congenital malformations of great veins,36.0,"XVII. Congenital malformations, deformations and chromosomal abnormalities",XVII. Congenital Abnormalities,#c5b0d5
1217,Q27 Other congenital malformations of peripheral vascular system,245.0,"XVII. Congenital malformations, deformations and chromosomal abnormalities",XVII. Congenital Abnormalities,#c5b0d5
1218,Q28 Other congenital malformations of circulatory system,195.0,"XVII. Congenital malformations, deformations and chromosomal abnormalities",XVII. Congenital Abnormalities,#c5b0d5
1219,Q30 Congenital malformations of nose,82.0,"XVII. Congenital malformations, deformations and chromosomal abnormalities",XVII. Congenital Abnormalities,#c5b0d5
1220,Q31 Congenital malformations of larynx,52.0,"XVII. Congenital malformations, deformations and chromosomal abnormalities",XVII. Congenital Abnormalities,#c5b0d5
1221,Q32 Congenital malformations of trachea and bronchus,13.0,"XVII. Congenital malformations, deformations and chromosomal abnormalities",XVII. Congenital Abnormalities,#c5b0d5
1222,Q33 Congenital malformations of lung,57.0,"XVII. Congenital malformations, deformations and chromosomal abnormalities",XVII. Congenital Abnormalities,#c5b0d5
1223,Q34 Other congenital malformations of respiratory system,11.0,"XVII. Congenital malformations, deformations and chromosomal abnormalities",XVII. Congenital Abnormalities,#c5b0d5
1224,Q35 Cleft palate,33.0,"XVII. Congenital malformations, deformations and chromosomal abnormalities",XVII. Congenital Abnormalities,#c5b0d5
1225,Q36 Cleft lip,9.0,"XVII. Congenital malformations, deformations and chromosomal abnormalities",XVII. Congenital Abnormalities,#c5b0d5
1226,Q37 Cleft palate with cleft lip,31.0,"XVII. Congenital malformations, deformations and chromosomal abnormalities",XVII. Congenital Abnormalities,#c5b0d5
1227,"Q38 Other congenital malformations of tongue, mouth and pharynx",464.0,"XVII. Congenital malformations, deformations and chromosomal abnormalities",XVII. Congenital Abnormalities,#c5b0d5
1228,Q39 Congenital malformations of oesophagus,198.0,"XVII. Congenital malformations, deformations and chromosomal abnormalities",XVII. Congenital Abnormalities,#c5b0d5
1229,Q40 Other congenital malformations of upper alimentary tract,214.0,"XVII. Congenital malformations, deformations and chromosomal abnormalities",XVII. Congenital Abnormalities,#c5b0d5
1230,"Q41 Congenital absence, atresia and stenosis of small intestine",5.0,"XVII. Congenital malformations, deformations and chromosomal abnormalities",XVII. Congenital Abnormalities,#c5b0d5
1231,"Q42 Congenital absence, atresia and stenosis of large intestine",20.0,"XVII. Congenital malformations, deformations and chromosomal abnormalities",XVII. Congenital Abnormalities,#c5b0d5
1232,Q43 Other congenital malformations of intestine,402.0,"XVII. Congenital malformations, deformations and chromosomal abnormalities",XVII. Congenital Abnormalities,#c5b0d5
1233,"Q44 Congenital malformations of gallbladder, bile ducts and liver",219.0,"XVII. Congenital malformations, deformations and chromosomal abnormalities",XVII. Congenital Abnormalities,#c5b0d5
1234,Q45 Other congenital malformations of digestive system,50.0,"XVII. Congenital malformations, deformations and chromosomal abnormalities",XVII. Congenital Abnormalities,#c5b0d5
1235,"Q50 Congenital malformations of ovaries, fallopian tubes and broad ligaments",251.0,"XVII. Congenital malformations, deformations and chromosomal abnormalities",XVII. Congenital Abnormalities,#c5b0d5
1236,Q51 Congenital malformations of uterus and cervix,279.0,"XVII. Congenital malformations, deformations and chromosomal abnormalities",XVII. Congenital Abnormalities,#c5b0d5
1237,Q52 Other congenital malformations of female genitalia,172.0,"XVII. Congenital malformations, deformations and chromosomal abnormalities",XVII. Congenital Abnormalities,#c5b0d5
1238,Q53 Undescended testicle,475.0,"XVII. Congenital malformations, deformations and chromosomal abnormalities",XVII. Congenital Abnormalities,#c5b0d5
1239,Q54 Hypospadias,206.0,"XVII. Congenital malformations, deformations and chromosomal abnormalities",XVII. Congenital Abnormalities,#c5b0d5
1240,Q55 Other congenital malformations of male genital organs,134.0,"XVII. Congenital malformations, deformations and chromosomal abnormalities",XVII. Congenital Abnormalities,#c5b0d5
1241,Q56 Indeterminate sex and pseudohermaphroditism,2.0,"XVII. Congenital malformations, deformations and chromosomal abnormalities",XVII. Congenital Abnormalities,#c5b0d5
1242,Q60 Renal agenesis and other reduction defects of kidney,269.0,"XVII. Congenital malformations, deformations and chromosomal abnormalities",XVII. Congenital Abnormalities,#c5b0d5
1243,Q61 Cystic kidney disease,800.0,"XVII. Congenital malformations, deformations and chromosomal abnormalities",XVII. Congenital Abnormalities,#c5b0d5
1244,Q62 Congenital obstructive defects of renal pelvis and congenital malformations of ureter,133.0,"XVII. Congenital malformations, deformations and chromosomal abnormalities",XVII. Congenital Abnormalities,#c5b0d5
1245,Q63 Other congenital malformations of kidney,509.0,"XVII. Congenital malformations, deformations and chromosomal abnormalities",XVII. Congenital Abnormalities,#c5b0d5
1246,Q64 Other congenital malformations of urinary system,150.0,"XVII. Congenital malformations, deformations and chromosomal abnormalities",XVII. Congenital Abnormalities,#c5b0d5
1247,Q65 Congenital deformities of hip,261.0,"XVII. Congenital malformations, deformations and chromosomal abnormalities",XVII. Congenital Abnormalities,#c5b0d5
1248,Q66 Congenital deformities of feet,918.0,"XVII. Congenital malformations, deformations and chromosomal abnormalities",XVII. Congenital Abnormalities,#c5b0d5
1249,"Q67 Congenital musculoskeletal deformities of head, face, spine and chest",228.0,"XVII. Congenital malformations, deformations and chromosomal abnormalities",XVII. Congenital Abnormalities,#c5b0d5
1250,Q68 Other congenital musculoskeletal deformities,86.0,"XVII. Congenital malformations, deformations and chromosomal abnormalities",XVII. Congenital Abnormalities,#c5b0d5
1251,Q69 Polydactyly,11.0,"XVII. Congenital malformations, deformations and chromosomal abnormalities",XVII. Congenital Abnormalities,#c5b0d5
1252,Q70 Syndactyly,39.0,"XVII. Congenital malformations, deformations and chromosomal abnormalities",XVII. Congenital Abnormalities,#c5b0d5
1253,Q71 Reduction defects of upper limb,25.0,"XVII. Congenital malformations, deformations and chromosomal abnormalities",XVII. Congenital Abnormalities,#c5b0d5
1254,Q72 Reduction defects of lower limb,39.0,"XVII. Congenital malformations, deformations and chromosomal abnormalities",XVII. Congenital Abnormalities,#c5b0d5
1255,Q73 Reduction defects of unspecified limb,9.0,"XVII. Congenital malformations, deformations and chromosomal abnormalities",XVII. Congenital Abnormalities,#c5b0d5
1256,Q74 Other congenital malformations of limbs,210.0,"XVII. Congenital malformations, deformations and chromosomal abnormalities",XVII. Congenital Abnormalities,#c5b0d5
1257,Q75 Other congenital malformations of skull and face bones,33.0,"XVII. Congenital malformations, deformations and chromosomal abnormalities",XVII. Congenital Abnormalities,#c5b0d5
1258,Q76 Congenital malformations of spine and bony thorax,662.0,"XVII. Congenital malformations, deformations and chromosomal abnormalities",XVII. Congenital Abnormalities,#c5b0d5
1259,Q77 Osteochondrodysplasia with defects of growth of tubular bones and spine,31.0,"XVII. Congenital malformations, deformations and chromosomal abnormalities",XVII. Congenital Abnormalities,#c5b0d5
1260,Q78 Other osteochondrodysplasias,158.0,"XVII. Congenital malformations, deformations and chromosomal abnormalities",XVII. Congenital Abnormalities,#c5b0d5
1261,"Q79 Congenital malformations of musculoskeletal system, not elsewhere classified",250.0,"XVII. Congenital malformations, deformations and chromosomal abnormalities",XVII. Congenital Abnormalities,#c5b0d5
1262,Q80 Congenital ichthyosis,94.0,"XVII. Congenital malformations, deformations and chromosomal abnormalities",XVII. Congenital Abnormalities,#c5b0d5
1263,Q81 Epidermolysis bullosa,25.0,"XVII. Congenital malformations, deformations and chromosomal abnormalities",XVII. Congenital Abnormalities,#c5b0d5
1264,Q82 Other congenital malformations of skin,1305.0,"XVII. Congenital malformations, deformations and chromosomal abnormalities",XVII. Congenital Abnormalities,#c5b0d5
1265,Q83 Congenital malformations of breast,129.0,"XVII. Congenital malformations, deformations and chromosomal abnormalities",XVII. Congenital Abnormalities,#c5b0d5
1266,Q84 Other congenital malformations of integument,91.0,"XVII. Congenital malformations, deformations and chromosomal abnormalities",XVII. Congenital Abnormalities,#c5b0d5
1267,"Q85 Phakomatoses, not elsewhere classified",274.0,"XVII. Congenital malformations, deformations and chromosomal abnormalities",XVII. Congenital Abnormalities,#c5b0d5
1268,"Q86 Congenital malformation syndromes due to known exogenous causes, not elsewhere classified",2.0,"XVII. Congenital malformations, deformations and chromosomal abnormalities",XVII. Congenital Abnormalities,#c5b0d5
1269,Q87 Other specified congenital malformation syndromes affecting multiple systems,242.0,"XVII. Congenital malformations, deformations and chromosomal abnormalities",XVII. Congenital Abnormalities,#c5b0d5
1270,"Q89 Other congenital malformations, not elsewhere classified",310.0,"XVII. Congenital malformations, deformations and chromosomal abnormalities",XVII. Congenital Abnormalities,#c5b0d5
1271,Q90 Down's syndrome,37.0,"XVII. Congenital malformations, deformations and chromosomal abnormalities",XVII. Congenital Abnormalities,#c5b0d5
1272,Q91 Edwards' syndrome and patau's syndrome,11.0,"XVII. Congenital malformations, deformations and chromosomal abnormalities",XVII. Congenital Abnormalities,#c5b0d5
1273,"Q92 Other trisomies and partial trisomies of the autosomes, not elsewhere classified",17.0,"XVII. Congenital malformations, deformations and chromosomal abnormalities",XVII. Congenital Abnormalities,#c5b0d5
1274,"Q93 Monosomies and deletions from the autosomes, not elsewhere classified",13.0,"XVII. Congenital malformations, deformations and chromosomal abnormalities",XVII. Congenital Abnormalities,#c5b0d5
1275,"Q95 Balanced rearrangements and structural markers, not elsewhere classified",4.0,"XVII. Congenital malformations, deformations and chromosomal abnormalities",XVII. Congenital Abnormalities,#c5b0d5
1276,Q96 Turner's syndrome,43.0,"XVII. Congenital malformations, deformations and chromosomal abnormalities",XVII. Congenital Abnormalities,#c5b0d5
1277,"Q97 Other sex chromosome abnormalities, female phenotype, not elsewhere classified",8.0,"XVII. Congenital malformations, deformations and chromosomal abnormalities",XVII. Congenital Abnormalities,#c5b0d5
1278,"Q98 Other sex chromosome abnormalities, male phenotype, not elsewhere classified",59.0,"XVII. Congenital malformations, deformations and chromosomal abnormalities",XVII. Congenital Abnormalities,#c5b0d5
1279,"Q99 Other chromosome abnormalities, not elsewhere classified",50.0,"XVII. Congenital malformations, deformations and chromosomal abnormalities",XVII. Congenital Abnormalities,#c5b0d5
1280,CXX Unknown Cancer,5026.0,II. Neoplasms,II. Neoplasms,#ff7f0e
1281,C00 Malignant neoplasm of lip,29.0,II. Neoplasms,II. Neoplasms,#ff7f0e
1282,C01 Malignant neoplasm of base of tongue,98.0,II. Neoplasms,II. Neoplasms,#ff7f0e
1283,C02 Malignant neoplasm of other and unspecified parts of tongue,146.0,II. Neoplasms,II. Neoplasms,#ff7f0e
1284,C03 Malignant neoplasm of gum,34.0,II. Neoplasms,II. Neoplasms,#ff7f0e
1285,C04 Malignant neoplasm of floor of mouth,38.0,II. Neoplasms,II. Neoplasms,#ff7f0e
1286,C05 Malignant neoplasm of palate,45.0,II. Neoplasms,II. Neoplasms,#ff7f0e
1287,C06 Malignant neoplasm of other and unspecified parts of mouth,53.0,II. Neoplasms,II. Neoplasms,#ff7f0e
1288,C07 Malignant neoplasm of parotid gland,75.0,II. Neoplasms,II. Neoplasms,#ff7f0e
1289,C08 Malignant neoplasm of other and unspecified major salivary glands,17.0,II. Neoplasms,II. Neoplasms,#ff7f0e
1290,C09 Malignant neoplasm of tonsil,185.0,II. Neoplasms,II. Neoplasms,#ff7f0e
1291,C10 Malignant neoplasm of oropharynx,25.0,II. Neoplasms,II. Neoplasms,#ff7f0e
1292,C11 Malignant neoplasm of nasopharynx,25.0,II. Neoplasms,II. Neoplasms,#ff7f0e
1293,C12 Malignant neoplasm of pyriform sinus,12.0,II. Neoplasms,II. Neoplasms,#ff7f0e
1294,C13 Malignant neoplasm of hypopharynx,10.0,II. Neoplasms,II. Neoplasms,#ff7f0e
1295,"C14 Malignant neoplasm of other and ill-defined sites in the lip, oral cavity and pharynx",12.0,II. Neoplasms,II. Neoplasms,#ff7f0e
1296,C15 Malignant neoplasm of oesophagus,526.0,II. Neoplasms,II. Neoplasms,#ff7f0e
1297,C16 Malignant neoplasm of stomach,375.0,II. Neoplasms,II. Neoplasms,#ff7f0e
1298,C17 Malignant neoplasm of small intestine,128.0,II. Neoplasms,II. Neoplasms,#ff7f0e
1299,C18 Malignant neoplasm of colon,2580.0,II. Neoplasms,II. Neoplasms,#ff7f0e
1300,C19 Malignant neoplasm of rectosigmoid junction,318.0,II. Neoplasms,II. Neoplasms,#ff7f0e
1301,C20 Malignant neoplasm of rectum,1205.0,II. Neoplasms,II. Neoplasms,#ff7f0e
1302,C21 Malignant neoplasm of anus and anal canal,126.0,II. Neoplasms,II. Neoplasms,#ff7f0e
1303,C22 Malignant neoplasm of liver and intrahepatic bile ducts,248.0,II. Neoplasms,II. Neoplasms,#ff7f0e
1304,C23 Malignant neoplasm of gallbladder,64.0,II. Neoplasms,II. Neoplasms,#ff7f0e
1305,C24 Malignant neoplasm of other and unspecified parts of biliary tract,89.0,II. Neoplasms,II. Neoplasms,#ff7f0e
1306,C25 Malignant neoplasm of pancreas,493.0,II. Neoplasms,II. Neoplasms,#ff7f0e
1307,C26 Malignant neoplasm of other and ill-defined digestive organs,15.0,II. Neoplasms,II. Neoplasms,#ff7f0e
1308,C30 Malignant neoplasm of nasal cavity and middle ear,26.0,II. Neoplasms,II. Neoplasms,#ff7f0e
1309,C31 Malignant neoplasm of accessory sinuses,13.0,II. Neoplasms,II. Neoplasms,#ff7f0e
1310,C32 Malignant neoplasm of larynx,206.0,II. Neoplasms,II. Neoplasms,#ff7f0e
1311,C33 Malignant neoplasm of trachea,5.0,II. Neoplasms,II. Neoplasms,#ff7f0e
1312,C34 Malignant neoplasm of bronchus and lung,1778.0,II. Neoplasms,II. Neoplasms,#ff7f0e
1313,C37 Malignant neoplasm of thymus,22.0,II. Neoplasms,II. Neoplasms,#ff7f0e
1314,"C38 Malignant neoplasm of heart, mediastinum and pleura",11.0,II. Neoplasms,II. Neoplasms,#ff7f0e
1315,C39 Malignant neoplasm of other and ill-defined sites in the respiratory system and intrathoracic organs,2.0,II. Neoplasms,II. Neoplasms,#ff7f0e
1316,C40 Malignant neoplasm of bone and articular cartilage of limbs,28.0,II. Neoplasms,II. Neoplasms,#ff7f0e
1317,C41 Malignant neoplasm of bone and articular cartilage of other and unspecified sites,25.0,II. Neoplasms,II. Neoplasms,#ff7f0e
1318,C42 Hematopoietic and reticuloendothelial systems icd-o-3 specific,36.0,II. Neoplasms,II. Neoplasms,#ff7f0e
1319,C43 Malignant melanoma of skin,2413.0,II. Neoplasms,II. Neoplasms,#ff7f0e
1320,C44 Other malignant neoplasms of skin,16632.0,II. Neoplasms,II. Neoplasms,#ff7f0e
1321,C45 Mesothelioma,211.0,II. Neoplasms,II. Neoplasms,#ff7f0e
1322,C46 Kaposi's sarcoma,10.0,II. Neoplasms,II. Neoplasms,#ff7f0e
1323,C47 Malignant neoplasm of peripheral nerves and autonomic nervous system,15.0,II. Neoplasms,II. Neoplasms,#ff7f0e
1324,C48 Malignant neoplasm of retroperitoneum and peritoneum,96.0,II. Neoplasms,II. Neoplasms,#ff7f0e
1325,C49 Malignant neoplasm of other connective and soft tissue,224.0,II. Neoplasms,II. Neoplasms,#ff7f0e
1326,C50 Malignant neoplasm of breast,10691.0,II. Neoplasms,II. Neoplasms,#ff7f0e
1327,C51 Malignant neoplasm of vulva,87.0,II. Neoplasms,II. Neoplasms,#ff7f0e
1328,C52 Malignant neoplasm of vagina,17.0,II. Neoplasms,II. Neoplasms,#ff7f0e
1329,C53 Malignant neoplasm of cervix uteri,374.0,II. Neoplasms,II. Neoplasms,#ff7f0e
1330,C54 Malignant neoplasm of corpus uteri,1301.0,II. Neoplasms,II. Neoplasms,#ff7f0e
1331,"C55 Malignant neoplasm of uterus, part unspecified",30.0,II. Neoplasms,II. Neoplasms,#ff7f0e
1332,C56 Malignant neoplasm of ovary,885.0,II. Neoplasms,II. Neoplasms,#ff7f0e
1333,C57 Malignant neoplasm of other and unspecified female genital organs,61.0,II. Neoplasms,II. Neoplasms,#ff7f0e
1334,C58 Malignant neoplasm of placenta,8.0,II. Neoplasms,II. Neoplasms,#ff7f0e
1335,C60 Malignant neoplasm of penis,52.0,II. Neoplasms,II. Neoplasms,#ff7f0e
1336,C61 Malignant neoplasm of prostate,6873.0,II. Neoplasms,II. Neoplasms,#ff7f0e
1337,C62 Malignant neoplasm of testis,429.0,II. Neoplasms,II. Neoplasms,#ff7f0e
1338,C63 Malignant neoplasm of other and unspecified male genital organs,10.0,II. Neoplasms,II. Neoplasms,#ff7f0e
1339,"C64 Malignant neoplasm of kidney, except renal pelvis",885.0,II. Neoplasms,II. Neoplasms,#ff7f0e
1340,C65 Malignant neoplasm of renal pelvis,53.0,II. Neoplasms,II. Neoplasms,#ff7f0e
1341,C66 Malignant neoplasm of ureter,32.0,II. Neoplasms,II. Neoplasms,#ff7f0e
1342,C67 Malignant neoplasm of bladder,814.0,II. Neoplasms,II. Neoplasms,#ff7f0e
1343,C68 Malignant neoplasm of other and unspecified urinary organs,10.0,II. Neoplasms,II. Neoplasms,#ff7f0e
1344,C69 Malignant neoplasm of eye and adnexa,109.0,II. Neoplasms,II. Neoplasms,#ff7f0e
1345,C70 Malignant neoplasm of meninges,7.0,II. Neoplasms,II. Neoplasms,#ff7f0e
1346,C71 Malignant neoplasm of brain,447.0,II. Neoplasms,II. Neoplasms,#ff7f0e
1347,"C72 Malignant neoplasm of spinal cord, cranial nerves and other parts of central nervous system",18.0,II. Neoplasms,II. Neoplasms,#ff7f0e
1348,C73 Malignant neoplasm of thyroid gland,421.0,II. Neoplasms,II. Neoplasms,#ff7f0e
1349,C74 Malignant neoplasm of adrenal gland,22.0,II. Neoplasms,II. Neoplasms,#ff7f0e
1350,C75 Malignant neoplasm of other endocrine glands and related structures,16.0,II. Neoplasms,II. Neoplasms,#ff7f0e
1351,C76 Malignant neoplasm of other and ill-defined sites,33.0,II. Neoplasms,II. Neoplasms,#ff7f0e
1352,C77 Secondary and unspecified malignant neoplasm of lymph nodes,90.0,II. Neoplasms,II. Neoplasms,#ff7f0e
1353,C78 Secondary malignant neoplasm of respiratory and digestive organs,102.0,II. Neoplasms,II. Neoplasms,#ff7f0e
1354,C79 Secondary malignant neoplasm of other sites,47.0,II. Neoplasms,II. Neoplasms,#ff7f0e
1355,C80 Malignant neoplasm without specification of site,143.0,II. Neoplasms,II. Neoplasms,#ff7f0e
1356,C81 Hodgkin's disease,255.0,II. Neoplasms,II. Neoplasms,#ff7f0e
1357,C82 Follicular [nodular] non-hodgkin's lymphoma,387.0,II. Neoplasms,II. Neoplasms,#ff7f0e
1358,C83 Diffuse non-hodgkin's lymphoma,697.0,II. Neoplasms,II. Neoplasms,#ff7f0e
1359,C84 Peripheral and cutaneous t-cell lymphomas,133.0,II. Neoplasms,II. Neoplasms,#ff7f0e
1360,C85 Other and unspecified types of non-hodgkin's lymphoma,355.0,II. Neoplasms,II. Neoplasms,#ff7f0e
1361,C86 Other specified types of t/nk-cell lymphoma,1.0,II. Neoplasms,II. Neoplasms,#ff7f0e
1362,C88 Malignant immunoproliferative diseases,24.0,II. Neoplasms,II. Neoplasms,#ff7f0e
1363,C90 Multiple myeloma and malignant plasma cell neoplasms,471.0,II. Neoplasms,II. Neoplasms,#ff7f0e
1364,C91 Lymphoid leukaemia,517.0,II. Neoplasms,II. Neoplasms,#ff7f0e
1365,C92 Myeloid leukaemia,323.0,II. Neoplasms,II. Neoplasms,#ff7f0e
1366,C93 Monocytic leukaemia,9.0,II. Neoplasms,II. Neoplasms,#ff7f0e
1367,C94 Other leukaemias of specified cell type,4.0,II. Neoplasms,II. Neoplasms,#ff7f0e
1368,C95 Leukaemia of unspecified cell type,12.0,II. Neoplasms,II. Neoplasms,#ff7f0e
1369,"C96 Other and unspecified malignant neoplasms of lymphoid, haematopoietic and related tissue",30.0,II. Neoplasms,II. Neoplasms,#ff7f0e
1370,C97 Malignant neoplasms of independent primary multiple sites,1.0,II. Neoplasms,II. Neoplasms,#ff7f0e
1371,"D00 Carcinoma in situ of oral cavity, oesophagus and stomach",57.0,II. Neoplasms,II. Neoplasms,#ff7f0e
1372,D01 Carcinoma in situ of other and unspecified digestive organs,242.0,II. Neoplasms,II. Neoplasms,#ff7f0e
1373,D02 Carcinoma in situ of middle ear and respiratory system,48.0,II. Neoplasms,II. Neoplasms,#ff7f0e
1374,D03 Melanoma in situ,887.0,II. Neoplasms,II. Neoplasms,#ff7f0e
1375,D04 Carcinoma in situ of skin,843.0,II. Neoplasms,II. Neoplasms,#ff7f0e
1376,D05 Carcinoma in situ of breast,1788.0,II. Neoplasms,II. Neoplasms,#ff7f0e
1377,D06 Carcinoma in situ of cervix uteri,3053.0,II. Neoplasms,II. Neoplasms,#ff7f0e
1378,D07 Carcinoma in situ of other and unspecified genital organs,454.0,II. Neoplasms,II. Neoplasms,#ff7f0e
1379,D09 Carcinoma in situ of other and unspecified sites,544.0,II. Neoplasms,II. Neoplasms,#ff7f0e
1380,D10 Benign neoplasm of mouth and pharynx,,II. Neoplasms,II. Neoplasms,#ff7f0e
1381,D11 Benign neoplasm of major salivary glands,31.0,II. Neoplasms,II. Neoplasms,#ff7f0e
1382,"D12 Benign neoplasm of colon, rectum, anus and anal canal",1.0,II. Neoplasms,II. Neoplasms,#ff7f0e
1383,D13 Benign neoplasm of other and ill-defined parts of digestive system,1.0,II. Neoplasms,II. Neoplasms,#ff7f0e
1384,D15 Benign neoplasm of other and unspecified intrathoracic organs,3.0,II. Neoplasms,II. Neoplasms,#ff7f0e
1385,D16 Benign neoplasm of bone and articular cartilage,2.0,II. Neoplasms,II. Neoplasms,#ff7f0e
1386,"D18 Haemangioma and lymphangioma, any site",2.0,II. Neoplasms,II. Neoplasms,#ff7f0e
1387,D27 Benign neoplasm of ovary,3.0,II. Neoplasms,II. Neoplasms,#ff7f0e
1388,D30 Benign neoplasm of urinary organs,1.0,II. Neoplasms,II. Neoplasms,#ff7f0e
1389,D32 Benign neoplasm of meninges,341.0,II. Neoplasms,II. Neoplasms,#ff7f0e
1390,D33 Benign neoplasm of brain and other parts of central nervous system,184.0,II. Neoplasms,II. Neoplasms,#ff7f0e
1391,D34 Benign neoplasm of thyroid gland,1.0,II. Neoplasms,II. Neoplasms,#ff7f0e
1392,D35 Benign neoplasm of other and unspecified endocrine glands,194.0,II. Neoplasms,II. Neoplasms,#ff7f0e
1393,D36 Benign neoplasm of other and unspecified sites,2.0,II. Neoplasms,II. Neoplasms,#ff7f0e
1394,D37 Neoplasm of uncertain or unknown behaviour of oral cavity and digestive organs,293.0,II. Neoplasms,II. Neoplasms,#ff7f0e
1395,D38 Neoplasm of uncertain or unknown behaviour of middle ear and respiratory and intrathoracic organs,21.0,II. Neoplasms,II. Neoplasms,#ff7f0e
1396,D39 Neoplasm of uncertain or unknown behaviour of female genital organs,126.0,II. Neoplasms,II. Neoplasms,#ff7f0e
1397,D40 Neoplasm of uncertain or unknown behaviour of male genital organs,25.0,II. Neoplasms,II. Neoplasms,#ff7f0e
1398,D41 Neoplasm of uncertain or unknown behaviour of urinary organs,623.0,II. Neoplasms,II. Neoplasms,#ff7f0e
1399,D42 Neoplasm of uncertain or unknown behaviour of meninges,26.0,II. Neoplasms,II. Neoplasms,#ff7f0e
1400,D43 Neoplasm of uncertain or unknown behaviour of brain and central nervous system,53.0,II. Neoplasms,II. Neoplasms,#ff7f0e
1401,D44 Neoplasm of uncertain or unknown behaviour of endocrine glands,49.0,II. Neoplasms,II. Neoplasms,#ff7f0e
1402,D45 Polycythaemia vera,125.0,II. Neoplasms,II. Neoplasms,#ff7f0e
1403,D46 Myelodysplastic syndromes,105.0,II. Neoplasms,II. Neoplasms,#ff7f0e
1404,"D47 Other neoplasms of uncertain or unknown behaviour of lymphoid, haematopoietic and related tissue",308.0,II. Neoplasms,II. Neoplasms,#ff7f0e
1405,D48 Neoplasm of uncertain or unknown behaviour of other and unspecified sites,183.0,II. Neoplasms,II. Neoplasms,#ff7f0e
1406,O01 Hydatidiform mole38,26.0,"XV. Pregnancy, childbirth and the puerperium",XV. Pregnancy & Childbirth,#e377c2
1407,Death,24152.0,Death,Death,#000a35
